["28 de Noviembre","Abra Pampa","Achiras","Adelia María","Agua de Oro","Aguilares","Alba Posse","Albardón","Aldea San Antonio","Alderetes","Alejandro Roca","Alejo Ledesma","Allen","Almafuerte","Alpachiri","Alta Gracia","Alta Italia","Alto Río Senguer","Altos de Chipión","Aluminé","Alvear","Añatuya","Ancasti","Andacollo","Andalgalá","Añelo","Anguil","Antofagasta de la Sierra","Apolinario Saravia","Aranguren","Arata","Arauco","Arias","Aristóbulo del Valle","Armstrong","Arroyito","Arroyo Cabral","Arroyo del Medio","Arroyo Seco","Arrufó","Avellaneda","Aviá Terai","Azara","Balnearia","Balvanera","Barracas","Barrancas","Barranqueras","Basail","Belgrano","Bell Ville","Bella Italia","Bella Vista","Beltrán","Bernardo de Irigoyen","Bernardo Larroudé","Bernasconi","Berón de Astrada","Berrotarán","Boedo","Bonpland","Bovril","Brinkmann","Buchardo","Buena Esperanza","Buenos Aires","Burruyacú","Buta Ranquil","Cachí","Cafayate","Caimancito","Calchaquí","Caleta Olivia","Caleufú","Calilegua","Calingasta","Camarones","Camilo Aldao","Campo Gallo","Campo Grande","Campo Largo","Campo Quijano","Campo Ramón","Campo Viera","Cañada de Gómez","Cañada de Luque","Canals","Candelaria","Capayán","Capilla del Monte","Capioví","Capitán Bermúdez","Capitán Solari","Caraguatay","Carcarañá","Carnerillo","Carrilobo","Caseros","Casilda","Castelli","Castro Barros","Catriel","Catriló","Caucete","Cavanagh","Ceibas","Centenario","Ceres","Cerro Azul","Cerro Corá","Cervantes","Chajarí","Chamical","Chañar Ladeado","Charadai","Charata","Charras","Chavarría","Chazón","Chichinales","Chicoana","Chilecito","Chimbas","Chimpay","Choele Choel","Chorotis","Chos Malal","Ciervo Petiso","Cinco Saltos","Cintra","Cipolletti","Clodomira","Clorinda","Colegiales","Colón","Colonia Aurora","Colonia Barón","Colonia Benítez","Colonia Dora","Colonia Elía","Colonia Elisa","Colonia La Tordilla","Colonia San Bartolomé","Colonias Unidas","Comallo","Comandante Fontana","Comandante Luis Piedra Buena","Comodoro Rivadavia","Concarán","Concepción","Concepción de la Sierra","Concepción del Bermejo","Concepción del Uruguay","Concordia","Conscripto Bernardi","Contraalmirante Cordero","Córdoba","Coronda","Coronel Baigorria","Coronel Belisle","Coronel Du Graty","Coronel Moldes","Corral de Bustos","Corralito","Corrientes","Corzuela","Cosquín","Costa Sacate","Coté-Lai","Crespo","Cruz Alta","Cruz de los Milagros","Cruz del Eje","Cuesta Blanca","Curuzú Cuatiá","Cutral-Có","Dalmacio Vélez Sársfield","Darwin","Deán Funes","Del Campillo","Departamento Capital","Departamento de Aguirre","Departamento de Albardón","Departamento de Almirante Brown","Departamento de Aluminé","Departamento de Ambato","Departamento de Ancasti","Departamento de Andalgalá","Departamento de Añelo","Departamento de Angaco","Departamento de Anta","Departamento de Antofagasta de la Sierra","Departamento de Apóstoles","Departamento de Arauco","Departamento de Avellaneda","Departamento de Banda","Departamento de Belgrano","Departamento de Bella Vista","Departamento de Bermejo","Departamento de Berón de Astrada","Departamento de Biedma","Departamento de Burruyacú","Departamento de Cainguás","Departamento de Calamuchita","Departamento de Caleu-Caleu","Departamento de Calingasta","Departamento de Candelaria","Departamento de Capayán","Departamento de Capital","Departamento de Caseros","Departamento de Castellanos","Departamento de Catán-Lil","Departamento de Caucete","Departamento de Cerrillos","Departamento de Chicoana","Departamento de Chimbas","Departamento de Chos-Malal","Departamento de Choya","Departamento de Cochinoca","Departamento de Collón-Curá","Departamento de Colón","Departamento de Comandante Fernández","Departamento de Concepción","Departamento de Concepción de la Sierra","Departamento de Confluencia","Departamento de Constitución","Departamento de Cruz Alta","Departamento de Cruz del Eje","Departamento de Curuzú Cuatiá","Departamento de Cushamen","Departamento de Deseado","Departamento de Doce de Octubre","Departamento de Dos de Abril","Departamento de El Alto","Departamento de Eldorado","Departamento de Empedrado","Departamento de Escalante","Departamento de Esquina","Departamento de Famaillá","Departamento de Florentino Ameghino","Departamento de Fray Mamerto Esquiú","Departamento de Futaleufú","Departamento de Gaimán","Departamento de Gastre","Departamento de General Alvear","Departamento de General Donovan","Departamento de General Güemes","Departamento de General Lamadrid","Departamento de General Manuel Belgrano","Departamento de General Paz","Departamento de General Roca","Departamento de General San Martín","Departamento de Godoy Cruz","Departamento de Goya","Departamento de Graneros","Departamento de Guachipas","Departamento de Gualeguaychú","Departamento de Guaraní","Departamento de Guasayán","Departamento de Guaymallén","Departamento de Güer Aike","Departamento de Iglesia","Departamento de Iguazú","Departamento de Independencia","Departamento de Iruya","Departamento de Itatí","Departamento de Ituzaingó","Departamento de Jáchal","Departamento de Juárez Celman","Departamento de La Capital","Departamento de La Cocha","Departamento de La Paz","Departamento de La Poma","Departamento de La Viña","Departamento de Lácar","Departamento de Lago Argentino","Departamento de Languiñeo","Departamento de Las Heras","Departamento de Lavalle","Departamento de Leandro N. Alem","Departamento de Libertad","Departamento de Libertador General San Martín","Departamento de Loreto","Departamento de Los Andes","Departamento de Luján","Departamento de Lules","Departamento de Magallanes","Departamento de Maipú","Departamento de Malargüe","Departamento de Marcos Juárez","Departamento de Mártires","Departamento de Mburucuyá","Departamento de Mercedes","Departamento de Metán","Departamento de Minas","Departamento de Monte Caseros","Departamento de Montecarlo","Departamento de Monteros","Departamento de Moreno","Departamento de Nueve de Julio","Departamento de O’Higgins","Departamento de Oberá","Departamento de Paraná","Departamento de Paso de Indios","Departamento de Paso de los Libres","Departamento de Pilcomayo","Departamento de Pomán","Departamento de Presidencia de la Plaza","Departamento de Presidente Roque Sáenz Peña","Departamento de Quitilipi","Departamento de Rawson","Departamento de Rinconada","Departamento de Río Chico","Departamento de Río Cuarto","Departamento de Río Hondo","Departamento de Río Primero","Departamento de Río Seco","Departamento de Río Segundo","Departamento de Río Senguerr","Departamento de Rivadavia","Departamento de Robles","Departamento de Rosario de la Frontera","Departamento de Rosario de Lerma","Departamento de Saladas","Departamento de San Alberto","Departamento de San Carlos","Departamento de San Cosme","Departamento de San Cristóbal","Departamento de San Fernando","Departamento de San Ignacio","Departamento de San Javier","Departamento de San Justo","Departamento de San Lorenzo","Departamento de San Luis del Palmar","Departamento de San Martín","Departamento de San Miguel","Departamento de San Pedro","Departamento de San Rafael","Departamento de San Roque","Departamento de Santa Lucía","Departamento de Santa María","Departamento de Santa Rosa","Departamento de Santo Tomé","Departamento de Sargento Cabral","Departamento de Sarmiento","Departamento de Sauce","Departamento de Simoca","Departamento de Sobremonte","Departamento de Tapenagá","Departamento de Tehuelches","Departamento de Telsen","Departamento de Tinogasta","Departamento de Toay","Departamento de Totoral","Departamento de Trancas","Departamento de Tulumba","Departamento de Tumbaya","Departamento de Tunuyán","Departamento de Tupungato","Departamento de Ullúm","Departamento de Unión","Departamento de Valle Viejo","Departamento de Veinticinco de Mayo","Departamento de Vera","Departamento de Yerba Buena","Departamento de Zapala","Departamento de Zonda","Despeñaderos","Devoto","Diamante","Doblas","Dolavón","Domínguez","Dos Arroyos","Dos de Mayo","Eduardo Castex","El Aguilar","El Alcázar","El Arañado","El Bolsón","El Calafate","El Carril","El Colorado","El Cuy","El Galpón","El Hoyo","El Huecú","El Maitén","El Quebrachal","El Rodeo","El Soberbio","El Tío","El Trébol","Elena","Embajador Martini","Embalse","Embarcación","Empedrado","Esperanza","Esquel","Esquina","Estanislao del Campo","Etruria","Famaillá","Federación","Federal","Felipe Yofré","Fiambalá","Firmat","Florentino Ameghino","Fontana","Formosa","Fraile Pintado","Fray Luis A. Beltrán","Fray Luis Beltrán","Funes","Gaimán","Gálvez","Gancedo","Garruchos","Garuhapé","Garupá","Gastre","Gato Colorado","General Acha","General Alvear","General Baldissera","General Cabrera","General Campos","General Conesa","General Enrique Godoy","General Enrique Mosconi","General Fernández Oro","General Galarza","General José de San Martín","General Levalle","General Manuel J. Campos","General Pico","General Pinedo","General Ramírez","General Roca","General San Martín","General Vedia","Gobernador Costa","Gobernador Gálvez","Gobernador Gregores","Gobernador Juan E. Martínez","Gobernador Mansilla","Gobernador Roca","Gobernador Virasora","Godoy Cruz","Goya","Granadero Baigorria","Graneros","Gualeguay","Gualeguaychú","Guaraní","Guatimozín","Guatraché","Hasenkamp","Helvecia","Herlitzka","Hermoso Campo","Hernández","Hernando","Herradura","Herrera","Hersilia","Hoyo de Epuyén","Hualfín","Huanchillas","Huerta Grande","Huillapima","Huinca Renancó","Humahuaca","Ibarreta","Icaño","Idiazábal","Ingeniero Guillermo N. Juárez","Ingeniero Jacobacci","Ingeniero Luiggi","Ingeniero Luis A. Huergo","Ingenio La Esperanza","Inriville","Intendente Alvear","Iriondo Department","Isla Verde","Itá Ibaté","Italó","Itatí","Ituzaingó","Jacinto Arauz","James Craik","Jardín América","Jesús María","Joaquín V. González","José de San Martín","Juan Martín de Pueyrredón","Juan Pujol","Junín de los Andes","Justiniano Posse","Justo Daract","La Adela","La Banda","La Caldera","La Calera","La Carlota","La Cesira","La Clotilde","La Cocha","La Criolla","La Cruz","La Cumbre","La Eduvigis","La Escondida","La Falda","La Francia","La Granja","La Leonesa","La Maruja","La Mendieta","La Para","La Paz","La Playosa","La Puerta de San José","La Punta","La Quiaca","La Rioja","La Tigra","La Toma","La Verde","Laborde","Laboulaye","Lago Puelo","Laguna Larga","Laguna Limpia","Laguna Naick-Neck","Laguna Paiva","Laguna Yema","Lamarque","Lapachito","Larroque","Las Acequias","Las Breñas","Las Coloradas","Las Garcitas","Las Heras","Las Higueras","Las Junturas","Las Lajas","Las Lajitas","Las Lomitas","Las Ovejas","Las Parejas","Las Perdices","Las Plumas","Las Rosas","Las Toscas","Las Varas","Las Varillas","Leones","Libertad","Libertador General San Martín","Lomas de Vallejos","Loncopué","Londres","Lonquimay","Loreto","Los Altos","Los Antiguos","Los Charrúas","Los Cocos","Los Cóndores","Los Conquistadores","Los Frentones","Los Helechos","Los Juríes","Los Laureles","Los Menucos","Los Surgentes","Los Telares","Los Varela","Lucas González","Luján","Macachín","Machagai","Maciá","Maimará","Mainque","Makallé","Malabrigo","Malagueño","Malvinas Argentinas","Maquinchao","Marcos Juárez","Margarita Belén","Mariano I. Loza","Mariano Moreno","Mártires","Marull","Mattaldi","Mburucuyá","Melincué","Mendiolaza","Mendoza","Mercedes","Merlo","Miguel Riglos","Mina Clavero","Miramar","Mocoretá","Mojón Grande","Monte Buey","Monte Caseros","Monte Cristo","Monte Maíz","Montecarlo","Monteros","Morrison","Morteros","Mutquín","Napenay","Naschel","Neuquén","Noetinger","Nogoyá","Ñorquinco","Nuestra Señora del Rosario de Caa Catí","Nueve de Julio","Oberá","Obispo Trejo","Oliva","Oncativo","Ordóñez","Oro Verde","Palma Sola","Palmar Grande","Palo Santo","Palpalá","Pampa Almirón","Pampa de los Guanacos","Pampa del Indio","Pampa del Infierno","Panambí","Paraná","Parera","Pascanas","Pasco","Paso de la Patria","Paso de los Libres","Pedro R. Fernández","Pérez","Perito Moreno","Perugorría","Picada Gobernador López","Pico Truncado","Picún Leufú","Piedra del Águila","Piedras Blancas","Pilar","Pilcaniyeu","Piquillín","Pirané","Plaza Huincul","Plottier","Pocito","Pomán","Porteña","Posadas","Pozo del Molle","Pozo del Tigre","Presidencia de la Plaza","Presidencia Roca","Presidencia Roque Sáenz Peña","Pronunciamiento","Pueblo Libertador","Puerta de Corral Quemado","Puerto Bermejo","Puerto Deseado","Puerto Eldorado","Puerto Esperanza","Puerto Ibicuy","Puerto Iguazú","Puerto Leoni","Puerto Libertad","Puerto Madryn","Puerto Piray","Puerto Rico","Puerto Santa Cruz","Puerto Tirol","Puerto Vilelas","Puerto Yeruá","Quemú Quemú","Quilino","Quimilí","Quitilipi","Rada Tilly","Rafaela","Rancul","Rawson","Realicó","Reconquista","Recreo","Resistencia","Retiro","Riacho Eh-Eh","Riachuelo","Río Ceballos","Río Colorado","Río Cuarto","Río Gallegos","Río Grande","Río Mayo","Río Pico","Río Segundo","Río Tercero","Río Turbio","Roldán","Rosario","Rosario del Tala","Rufino","Ruiz de Montoya","Sacanta","Saladas","Saldán","Salsacate","Salsipuedes","Salta","Sampacho","Samuhú","San Agustín","San Agustín de Valle Fértil","San Antonio","San Antonio de Litín","San Antonio de los Cobres","San Antonio Oeste","San Basilio","San Benito","San Bernardo","San Carlos","San Carlos Centro","San Carlos de Bariloche","San Cosme","San Cristóbal","San Fernando del Valle de Catamarca","San Francisco","San Francisco de Laishí","San Francisco del Chañar","San Francisco del Monte de Oro","San Gustavo","San Javier","San Jorge","San José","San José de Feliciano","San José de Jáchal","San José de la Dormida","San Juan","San Julián","San Justo","San Lorenzo","San Luis","San Luis del Palmar","San Martín","San Martín de los Andes","San Miguel","San Miguel de Tucumán","San Pedro","San Pedro de Jujuy","San Rafael","San Ramón de la Nueva Orán","San Salvador","San Salvador de Jujuy","San Vicente","Santa Ana","Santa Anita","Santa Clara","Santa Elena","Santa Eufemia","Santa Fe","Santa Isabel","Santa Lucía","Santa Magdalena","Santa María","Santa Rosa","Santa Rosa de Calamuchita","Santa Rosa de Río Primero","Santa Rosa de Tastil","Santa Rosa del Conlara","Santa Sylvina","Santiago del Estero","Santiago Temple","Santo Pipó","Santo Tomé","Sarmiento","Sastre","Saturnino M. Laspiur","Sauce de Luna","Sebastián Elcano","Seguí","Senillosa","Serrano","Serrezuela","Sierra Colorada","Sierra Grande","Simoca","Sumampa","Sunchales","Suncho Corral","Tabossi","Taco Pozo","Tacuarendí","Tafí del Valle","Tafí Viejo","Tancacha","Tartagal","Tecka","Telén","Termas de Río Hondo","Ticino","Tilcara","Tilisarao","Tinogasta","Tintina","Tío Pujio","Toledo","Tolhuin","Tostado","Totoras","Trancas","Trelew","Trenel","Tres Capones","Tres Isletas","Trevelin","Ubajay","Ucacha","Unión","Unquillo","Urdinarrain","Uriburu","Ushuaia","Valcheta","Valle Hermoso","Veinticinco de Mayo","Venado Tuerto","Vera","Viale","Viamonte","Victoria","Victorica","Vicuña Mackenna","Viedma","Villa Allende","Villa Ángela","Villa Ascasubi","Villa Atamisqui","Villa Basilio Nievas","Villa Berna","Villa Berthet","Villa Bustos","Villa Cañás","Villa Carlos Paz","Villa Concepción del Tío","Villa Constitución","Villa Cura Brochero","Villa de Soto","Villa del Dique","Villa del Rosario","Villa del Totoral","Villa Dolores","Villa Elisa","Villa Escolar","Villa General Belgrano","Villa General Guemes","Villa General Mitre","Villa General Roca","Villa Giardino","Villa Hernandarias","Villa Huidobro","Villa La Angostura","Villa Las Rosas","Villa Lugano","Villa Mantero","Villa María","Villa María Grande","Villa Mercedes","Villa Mugueta","Villa Nueva","Villa Ocampo","Villa Ojo de Agua","Villa Ortúzar","Villa Paranacito","Villa Paula de Sarmiento","Villa Reducción","Villa Regina","Villa Rumipal","Villa Santa Rita","Villa Trinidad","Villa Tulumba","Villa Urquiza","Villa Valeria","Villaguay","Vinchina","Vista Alegre","Wanda","Wenceslao Escalante","Winifreda","Yacimiento Río Turbio","Yapeyú","Yataity Calle","Yerba Buena","Yuto","Zapala"]