["Äänekoski","Ähtäri","Alahärmä","Alajärvi","Alastaro","Alavieska","Alavus","Anjala","Artjärvi","Asikkala","Askainen","Askola","Aura","Auttoinen","Dragsfjärd","Ekenäs","Elimäki","Eno","Enonkoski","Enontekiö","Espoo","Eura","Eurajoki","Evijärvi","Forssa","Gumböle","Haapajärvi","Haapavesi","Hailuoto","Halikko","Halsua","Hämeenkoski","Hämeenlinna","Hamina","Hankasalmi","Hanko","Harjavalta","Hartola","Hauho","Haukipudas","Haukivuori","Hausjärvi","Heinävesi","Heinola","Helsinki","Hietalahti","Himanka","Hirvensalmi","Hollola","Houtskär","Huittinen","Humppila","Hyrynsalmi","Hyvinge","Ii","Iisalmi","Iitti","Ilmajoki","Ilomantsi","Imatra","Inari","Ingå","Iniö","Isojoki","Isokyrö","Ivalo","Jaala","Jakobstad","Jalasjärvi","Jämijärvi","Jämsä","Jämsänkoski","Janakkala","Jäppilä","Järvenpää","Joensuu","Jokioinen","Joroinen","Joutsa","Joutseno","Juankoski","Jurva","Juuka","Juva","Jyväskylä","Kaarela","Kaarina","Kaavi","Kajaani","Kalajoki","Kallio","Kälviä","Kalvola","Kangaslampi","Kangasniemi","Kankaanpää","Kannonkoski","Kannus","Karhula","Karijoki","Karinainen","Karis","Karjalohja","Karkkila","Kärkölä","Kärsämäki","Karstula","Karttula","Karvia","Kaskinen","Kauhajoki","Kauhava","Kauniainen","Kaustinen","Keitele","Kellokoski","Kemi","Kemijärvi","Keminmaa","Kempele","Kerava","Kerimäki","Kesälahti","Kestilä","Keuruu","Kiihtelysvaara","Kiikala","Kiiminki","Kilo","Kimito","Kinnula","Kirkkonummi","Kisko","Kitee","Kittilä","Kiukainen","Kiuruvesi","Kivijärvi","Kokemäki","Kokkola","Kolari","Konnevesi","Kontiolahti","Korpilahti","Korsholm","Korsnäs","Kortesjärvi","Kotka","Koukkuniemi","Kouvola","Köyliö","Kristinestad","Kronoby","Kuhmo","Kuhmoinen","Kuivaniemi","Kullaa","Kuopio","Kuortane","Kurikka","Kustavi","Kuusamo","Kuusjoki","Kyyjärvi","Lahti","Laihia","Laitila","Lammi","Längelmäki","Lapinjärvi","Lapinlahti","Lappajärvi","Lappeenranta","Lappi","Lapua","Larsmo","Laukaa","Lauttasaari","Lavia","Lehtimäki","Leivonmäki","Lemi","Lemu","Leppävirta","Lestijärvi","Lieksa","Lieto","Liljendal","Liminka","Liperi","Lohja","Lohtaja","Loppi","Lovisa","Luhanka","Lumijoki","Luumäki","Luvia","Maaninka","Malax","Mäntsälä","Mäntyharju","Marttila","Masku","Mellilä","Mellunkylä","Merijärvi","Merikarvia","Merimasku","Miehikkälä","Mietoinen","Mikkeli","Muhos","Multia","Munkkiniemi","Muonio","Muurame","Muurla","Mynämäki","Myrskylä","Naantali","Nagu","Nakkila","Nastola","Nilsiä","Nivala","Noormarkku","Nousiainen","Nuijamaa","Nurmes","Nurmijärvi","Nurmo","Nykarleby","Oravais","Orimattila","Oripää","Otaniemi","Oulainen","Oulu","Oulunsalo","Outokumpu","Padasjoki","Paimio","Paltamo","Pargas","Parikkala","Pedersöre","Pelkosenniemi","Pello","Perho","Pernå","Perniö","Pertteli","Pertunmaa","Petäjävesi","Pieksämäki","Pielavesi","Pihtipudas","Piikkiö","Piippola","Pohja","Polvijärvi","Pomarkku","Pori","Pornainen","Porvoo","Posio","Pöytyä","Pudasjärvi","Pukkila","Pulkkila","Punkaharju","Puolanka","Puumala","Pyhäjärvi","Pyhäjoki","Pyhäntä","Pyhäranta","Pyhäselkä","Pyhtää","Pylkönmäki","Raahe","Rääkkylä","Raaseporin","Raisio","Rantasalmi","Rantsila","Ranua","Rauma","Rautalampi","Rautavaara","Rautjärvi","Reisjärvi","Renko","Replot","Riihimäki","Ristiina","Ristijärvi","Ristinummi","Rovaniemi","Ruokolahti","Ruotsinpyhtää","Rusko","Ruukki","Rymättylä","Saari","Saarijärvi","Säkylä","Salla","Salo","Sammatti","Särkisalo","Sauvo","Savitaipale","Savonlinna","Savonranta","Savukoski","Säynätsalo","Seinäjoki","Sibbo","Sievi","Siikainen","Siikajoki","Siilinjärvi","Simo","Siuntio","Sodankylä","Soini","Somero","Sonkajärvi","Sotkamo","Sulkava","Sumiainen","Suolahti","Suomusjärvi","Suomussalmi","Suonenjoki","Sysmä","Taipalsaari","Taivalkoski","Taivassalo","Tammela","Tarvasjoki","Teeriniemi","Tervakoski","Tervo","Tervola","Teuva","Tohmajärvi","Toholampi","Toivakka","Tornio","Töysä","Turku","Tuulos","Tuupovaara","Tuusniemi","Tuusula","Tyrnävä","Ullava","Ulvila","Utajärvi","Utsjoki","Uurainen","Uusikaupunki","Vaala","Vaasa","Vähäkyrö","Vahto","Valtimo","Vampula","Vantaa","Varkaus","Varpaisjärvi","Väståboland","Västanfjärd","Vehmaa","Vehmersalmi","Velkua","Vesanto","Veteli","Vieremä","Vihanti","Vihti","Viitasaari","Vimpeli","Virojoki","Virtasalmi","Vörå","Vuokatti","Vuolijoki","Vuosaari","Ylämaa","Yläne","Yli-Ii","Ylihärmä","Ylikiiminki","Ylistaro","Ylitornio","Ylivieska","Ypäjä"]