["Aach","Aachen","Aalen","Abbesbüttel","Abenberg","Abensberg","Absberg","Abstatt","Abtsdorf","Abtsgmünd","Achern","Achim","Achslach","Achstetten","Achtrup","Adelberg","Adelebsen","Adelheidsdorf","Adelmannsfelden","Adelsdorf","Adelsheim","Adelshofen","Adelsried","Adelzhausen","Adenau","Adenbüttel","Adendorf","Adenstedt","Adlershof","Adlkofen","Admannshagen-Bargeshagen","Adorf","Aerzen","Affalterbach","Affing","Agathenburg","Aglasterhausen","Aham","Ahaus","Ahausen","Ahlbeck","Ahlden","Ahlen","Ahlerstedt","Ahlsdorf","Ahnsbeck","Ahnsen","Aholfing","Aholming","Ahorn","Ahrbrück","Ahrensbök","Ahrensburg","Ahsen-Oetzen","Aichach","Aichelberg","Aichen","Aichhalden","Aichstetten","Aidenbach","Aidhausen","Aidlingen","Aiglsbach","Aindling","Ainring","Aislingen","Aitrach","Aitrang","Aken","Albaching","Albbruck","Albersdorf","Albershausen","Albersweiler","Albertshofen","Albertstadt","Albig","Albisheim","Albshausen","Albstadt","Aldenhoven","Aldersbach","Aldingen","Alerheim","Alesheim","Aletshausen","Alfdorf","Alfeld","Alfhausen","Alfter","Algermissen","Alheim","Allendorf","Allendorf an der Lahn","Allensbach","Allersberg","Allershausen","Alling","Allmendingen","Allmersbach im Tal","Allstedt","Alpen","Alpenrod","Alpirsbach","Alsbach-Hähnlein","Alsdorf","Alsenz","Alsfeld","Alsheim","Alsleben","Alsterdorf","Alt Duvenstedt","Alt Meteln","Alt Tucheband","Alt Wallmoden","Alt-Hohenschönhausen","Alt-Sanitz","Alt-Treptow","Altbach","Altdorf","Altdöbern","Altefähr","Alteglofsheim","Alten Buseck","Altena","Altenahr","Altenau","Altenbeken","Altenberg","Altenberge","Altenbuch","Altenburg","Altenbüren","Altendiez","Altendorf","Altenfeld","Altenglan","Altengottern","Altenholz","Altenkirchen","Altenkrempe","Altenkunstadt","Altenmarkt","Altenmedingen","Altenmünster","Altenpleen","Altenriet","Altenstadt","Altensteig","Altenthann","Altentreptow","Alterhofen","Altes Lager","Altfraunhofen","Altglienicke","Althegnenberg","Althengstett","Althütte","Altkirchen","Altlandsberg","Altleiningen","Altlußheim","Altmittweida","Altomünster","Altona","Altötting","Altrich","Altrip","Altshausen","Altstadt","Altstadt Nord","Altstadt Sud","Altusried","Alveslohe","Alzenau in Unterfranken","Alzey","Amberg","Amelinghausen","Amendingen","Amerang","Ammerndorf","Ammerthal","Amöneburg","Ampfing","Amstetten","Amtzell","Andechs","Andernach","Angermünde","Angern","Angersdorf","Anhausen","Anklam","Ankum","Annaberg-Buchholz","Annaburg","Annweiler am Trifels","Anrode","Anröchte","Ansbach","Antdorf","Anzing","Apelern","Apen","Apensen","Apfeldorf","Apfelstädt","Apolda","Apollensdorf","Appel","Appen","Appenheim","Arberg","Arenshausen","Aresing","Argenthal","Armsheim","Arnbruck","Arneburg","Arnsberg","Arnschwang","Arnstadt","Arnstein","Arnstorf","Arpke","Arrach","Artern","Artlenburg","Arzbach","Arzberg","Arzfeld","Asbach","Asbach-Bäumenheim","Ascha","Aschaffenburg","Aschau am Inn","Aschau im Chiemgau","Ascheberg","Aschersleben","Aschheim","Asendorf","Aspach","Asperg","Assamstadt","Asselfingen","Aßlar","Aßling","Attendorn","Attenhofen","Attenkirchen","Attenweiler","Atting","Atzendorf","Au","Au am Rhein","Au in der Hallertau","Aub","Aue","Auerbach","Auf der Horst","Aufhausen","Aufseß","Auggen","Augsburg","Augustdorf","Augustusburg","Auhagen","Auhausen","Aukrug","Auleben","Aulendorf","Auma","Aura im Sinngrund","Aurich","Ausleben","Außernzell","Axstedt","Aying","Ayl","Aystetten","Baalberge","Baar-Ebenhausen","Babenhausen","Babensham","Bach","Bacharach","Bachhagel","Bächingen an der Brenz","Backnang","Bad Abbach","Bad Aibling","Bad Alexandersbad","Bad Arolsen","Bad Bellingen","Bad Belzig","Bad Bentheim","Bad Bergzabern","Bad Berka","Bad Berleburg","Bad Berneck im Fichtelgebirge","Bad Bevensen","Bad Bibra","Bad Birnbach","Bad Blankenburg","Bad Bocklet","Bad Brambach","Bad Bramstedt","Bad Breisig","Bad Brückenau","Bad Buchau","Bad Camberg","Bad Ditzenbach","Bad Doberan","Bad Driburg","Bad Düben","Bad Dürkheim","Bad Dürrenberg","Bad Dürrheim","Bad Eilsen","Bad Elster","Bad Ems","Bad Endbach","Bad Endorf","Bad Essen","Bad Fallingbostel","Bad Feilnbach","Bad Frankenhausen","Bad Fredeburg","Bad Freienwalde","Bad Füssing","Bad Gandersheim","Bad Griesbach","Bad Grund","Bad Harzburg","Bad Heilbrunn","Bad Herrenalb","Bad Hersfeld","Bad Holzhausen","Bad Homburg vor der Höhe","Bad Honnef","Bad Hönningen","Bad Iburg","Bad Karlshafen","Bad Kissingen","Bad Kleinen","Bad Klosterlausnitz","Bad Kohlgrub","Bad König","Bad Königshofen im Grabfeld","Bad Kösen","Bad Köstritz","Bad Kreuznach","Bad Laasphe","Bad Laer","Bad Langensalza","Bad Lauchstädt","Bad Lausick","Bad Lauterberg im Harz","Bad Liebenstein","Bad Liebenwerda","Bad Liebenzell","Bad Lippspringe","Bad Lobenstein","Bad Marienberg","Bad Meinberg","Bad Mergentheim","Bad Muskau","Bad Münder am Deister","Bad Münster am Stein-Ebernburg","Bad Münstereifel","Bad Nauheim","Bad Nenndorf","Bad Neuenahr-Ahrweiler","Bad Neustadt an der Saale","Bad Oeynhausen","Bad Oldesloe","Bad Orb","Bad Peterstal-Griesbach","Bad Pyrmont","Bad Rappenau","Bad Reichenhall","Bad Rippoldsau-Schapbach","Bad Rothenfelde","Bad Saarow","Bad Sachsa","Bad Säckingen","Bad Salzdetfurth","Bad Salzschlirf","Bad Salzuflen","Bad Salzungen","Bad Sassendorf","Bad Schandau","Bad Schlema","Bad Schmiedeberg","Bad Schussenried","Bad Schwalbach","Bad Schwartau","Bad Segeberg","Bad Soden am Taunus","Bad Soden-Salmünster","Bad Sooden-Allendorf","Bad Staffelstein","Bad Steben","Bad Suderode","Bad Sulza","Bad Sülze","Bad Teinach-Zavelstein","Bad Tennstedt","Bad Tölz","Bad Urach","Bad Überkingen","Bad Vilbel","Bad Waldsee","Bad Wiessee","Bad Wildbad","Bad Wildungen","Bad Wilsnack","Bad Wimpfen","Bad Windsheim","Bad Wörishofen","Bad Wurzach","Bad Zwischenahn","Badbergen","Baddeckenstedt","Badem","Baden-Baden","Badenhausen","Badenweiler","Baesweiler","Bahlingen","Bahrdorf","Bahrenborstel","Baienfurt","Baierbrunn","Baiersbronn","Baiersdorf","Baindt","Baisweil","Bakum","Balge","Balingen","Balje","Ballenstedt","Baltmannsweiler","Balve","Balzfeld","Balzhausen","Bamberg","Bamenohl","Bammental","Bann","Bannewitz","Banteln","Banzkow","Barbing","Barby","Barchfeld","Bardowick","Barenburg","Barendorf","Bärenstein","Bargfeld-Stegen","Bargstedt","Bargteheide","Bark","Barkelsby","Barleben","Barmbek-Nord","Barmstedt","Bärnau","Barnstädt","Barnstorf","Barntrup","Barsbüttel","Barsinghausen","Barßel","Bartenshagen-Parkentin","Barth","Bartholomä","Barum","Baruth","Barver","Barwedel","Basdahl","Bassenheim","Bassum","Bastheim","Bastorf","Battenberg","Baudenbach","Baumholder","Baumschulenweg","Baunach","Baunatal","Bausendorf","Bautzen","Bawinkel","Bayenthal","Bayerbach","Bayerisch Eisenstein","Bayerisch Gmain","Bayreuth","Bayrischzell","Bebra","Bechhofen","Bechtheim","Bechtolsheim","Bechtsrieth","Beckdorf","Beckedorf","Beckingen","Beckum","Bedburg","Beedenbostel","Beelen","Beelitz","Beerfelden","Beesenlaublingen","Beesenstedt","Beeskow","Beesten","Beetzendorf","Behringen","Bei der Höhne","Beierfeld","Beiersdorf","Beilrode","Beilstein","Beimerstetten","Beindersheim","Belgern","Belgershain","Bell","Belleben","Bellenberg","Bellheim","Belm","Beltheim","Bempflingen","Bendestorf","Bendorf","Benediktbeuern","Benndorf","Benneckenstein","Bennewitz","Benningen","Benningen am Neckar","Bennstedt","Bennungen","Bensdorf","Benshausen","Bensheim","Bentwisch","Bentzin","Beratzhausen","Berching","Berchtesgaden","Berg","Berg im Gau","Berga","Bergatreute","Berge","Bergedorf","Bergen","Bergen an der Dumme","Bergen auf Rügen","Berghaupten","Bergheim","Berghülen","Bergisch Gladbach","Bergkamen","Bergkirchen","Berglern","Bergneustadt","Bergrheinfeld","Bergstedt","Bergtheim","Bergwitz","Berkenbrück","Berkenthin","Berkheim","Berlin","Berlin Köpenick","Berlin Treptow","Berlingerode","Berlstedt","Bermatingen","Bernau","Bernau am Chiemsee","Bernau bei Berlin","Bernbeuren","Bernburg","Berngau","Bernhardswald","Bernitt","Bernkastel-Kues","Bernried","Bernsbach","Bernsdorf","Bernstadt","Bersenbrück","Berstadt","Berthelsdorf","Bertsdorf-Hörnitz","Berumbur","Besigheim","Bestensee","Bestwig","Betheln","Bettingen","Betzdorf","Betzendorf","Betzigau","Beuern","Beuna","Beuren","Beutelsbach","Bevenrode","Bevern","Beverstedt","Beverungen","Bexbach","Biberach","Biberach an der Riß","Biberbach","Biblis","Biburg","Bichl","Bickenbach","Bidingen","Biebelried","Biebesheim","Biedenkopf","Biederitz","Bielefeld","Biendorf","Bienenbüttel","Biere","Biesdorf","Biesenthal","Biessenhofen","Bietigheim","Bietigheim-Bissingen","Bilderstoeckchen","Billerbeck","Billigheim","Billigheim-Ingenheim","Bilshausen","Binau","Bindlach","Bingen","Bingen am Rhein","Binnen","Binsfeld","Binswangen","Binzen","Bippen","Birenbach","Birgte","Birken-Honigsessen","Birkenau","Birkenfeld","Birkenheide","Birkenwerder","Birlenbach","Birresborn","Birstein","Bischberg","Bischbrunn","Bischoffen","Bischofferode","Bischofsgrün","Bischofsheim","Bischofsheim an der Rhön","Bischofsmais","Bischofswerda","Bischofswiesen","Bischweier","Bisingen","Bismark","Bispingen","Bissendorf","Bissingen","Bissingen an der Teck","Bitburg","Bitterfeld-Wolfen","Bitz","Blaibach","Blaichach","Blankenbach","Blankenburg","Blankenfelde","Blankenhain","Blankenheim","Blankenrath","Blankensee","Blaubeuren","Blaufelden","Bleckede","Bleialf","Bleicherode","Blekendorf","Blender","Bliedersdorf","Bliesdorf","Blieskastel","Blindheim","Blomberg","Blowatz","Blumberg","Bobbau","Bobenheim-Roxheim","Bobingen","Bobitz","Bocholt","Bochum","Bochum-Hordel","Bockau","Bockelwitz","Bockenau","Bockenem","Bockenheim","Bockhorn","Bockhorst","Bodelshausen","Bodenfelde","Bodenheim","Bodenkirchen","Bodenmais","Bodenwerder","Bodenwöhr","Bodman-Ludwigshafen","Bodnegg","Bodolz","Boffzen","Bogen","Bogenhausen","Bohmte","Bohnsdorf","Boizenburg","Bokel","Bokholt-Hanredder","Bolanden","Bolheim","Boll","Bollendorf","Bollingstedt","Bollschweil","Bolsterlang","Bomlitz","Bondorf","Bonefeld","Bonn","Bonndorf","Bonstetten","Boos","Boostedt","Bopfingen","Boppard","Bordelum","Bordesholm","Borgentreich","Borgfelde","Borgholzhausen","Borgstedt","Borken","Borkheide","Borkum","Borkwalde","Born","Borna","Borne","Bornheim","Bornhöved","Bornich","Borrentin","Borsdorf","Borstel","Borstel-Hohenraden","Borstendorf","Bosau","Bothel","Bottrop","Bous","Bovenau","Bovenden","Boxberg","Böbing","Böbingen an der Rems","Böblingen","Böbrach","Böhl-Iggelheim","Böhlen","Böhmenkirch","Bönebüttel","Bönen","Bönnigheim","Bönningstedt","Börger","Börgerende-Rethwisch","Börnichen","Börnsen","Börßum","Börtlingen","Bösdorf","Bösel","Bösenbrunn","Bösingen","Bötersen","Böttingen","Bötzingen","Brachbach","Brackel","Brackenheim","Brahmenau","Brake (Unterweser)","Brakel","Bramsche","Bramstedt","Brand","Brand-Erbisdorf","Brande-Hörnerkirchen","Brandenburg an der Havel","Brandis","Brandshagen","Brannenburg","Braschwitz","Braubach","Brauneberg","Braunfels","Braunlage","Bräunlingen","Braunsbach","Braunsbedra","Braunschweig","Breckerfeld","Breddin","Breddorf","Bredenbek","Bredstedt","Breese","Brehme","Brehna","Breidenbach","Breiholz","Breisach am Rhein","Breitbrunn","Breitenbach","Breitenberg","Breitenbrunn","Breitenburg","Breitenfelde","Breitengüßbach","Breitenthal","Breitenworbis","Breitnau","Breitscheid","Breitscheidt","Breitungen","Brekendorf","Breklum","Bremen","Bremerhaven","Bremervörde","Brennberg","Brensbach","Bretten","Bretzenheim","Bretzfeld","Breuna","Brey","Briedel","Brieselang","Briesen","Brieskow-Finkenheerd","Brietlingen","Brilon","Britten","Britz","Brockel","Brockum","Broderstorf","Brohl-Lützing","Brokdorf","Brokstedt","Brome","Bromskirchen","Brotterode","Bruchhausen-Vilsen","Bruchköbel","Bruchmühlbach-Miesau","Bruchsal","Bruchweiler-Bärenbach","Bruck","Bruck in der Oberpfalz","Bruckberg","Bruckmühl","Brumby","Brunn","Brunnen","Brunnthal","Brunsbüttel","Bruttig-Fankel","Brück","Brücken","Brüel","Brügge","Brüggen","Brühl","Brüsewitz","Brüssow","Bubenreuth","Bubesheim","Bubsheim","Buch","Buch am Ahorn","Buch am Buchrain","Bucha","Buchbach","Buchbrunn","Buchdorf","Buchen in Odenwald","Buchenbach","Buchenberg","Buchforst","Buchheim","Buchholz","Buchholz in der Nordheide","Buchloe","Buckenhof","Buckow","Budenheim","Bufleben","Buggingen","Bullay","Bunde","Bundenbach","Bundenthal","Burbach","Burg","Burg auf Fehmarn","Burg bei Magdeburg","Burg Stargard","Burgau","Burgberg","Burgbernheim","Burgbrohl","Burgdorf","Burgebrach","Burggen","Burghaslach","Burghaun","Burghausen","Burgheim","Burgkirchen an der Alz","Burgkunstadt","Burglauer","Burglengenfeld","Burglesum","Burgoberbach","Burgpreppach","Burgrieden","Burgsalach","Burgschwalbach","Burgsinn","Burgsolms","Burgstädt","Burgstetten","Burgthann","Burgwerben","Burgwindheim","Burk","Burkardroth","Burkau","Burkhardtsdorf","Burladingen","Burow","Burscheid","Burtenbach","Busdorf","Busenberg","Butjadingen","Buttelstedt","Buttenheim","Buttenwiesen","Buttlar","Buttstädt","Butzbach","Buxheim","Buxtehude","Büchel","Büchen","Büchenbach","Büchenbeuren","Büchlberg","Bückeburg","Bücken","Büddenstedt","Büdelsdorf","Büdingen","Bühl","Bühlertal","Bühlertann","Bühlerzell","Bühren","Bünde","Büren","Bürgel","Bürgstadt","Bürstadt","Büsingen","Büsum","Büttelborn","Bütthard","Büttstedt","Bützow","Cadenberge","Cadolzburg","Calau","Calbe","Calberlah","Calden","Callenberg","Calvörde","Calw","Camburg","Cappeln","Carlow","Carlsberg","Carpin","Casekow","Castrop-Rauxel","Cavertitz","Celle","Cham","Chamerau","Charlottenburg","Charlottenburg-Nord","Chemnitz","Chieming","Chorin","Chostlarn","Clausen","Claußnitz","Clausthal-Zellerfeld","Cleebronn","Clenze","Clingen","Cloppenburg","Coburg","Cochem","Cochstedt","Coesfeld","Colbitz","Colditz","Colmberg","Contwig","Coppenbrügge","Cornberg","Coswig","Cottbus","Cölbe","Crailsheim","Crawinkel","Creglingen","Cremlingen","Creußen","Creuzburg","Crimmitschau","Crinitz","Crivitz","Crostau","Crostwitz","Crottendorf","Cunewalde","Cuxhaven","Daaden","Dabel","Dachau","Dachsenhausen","Dachwig","Dägeling","Dahlem","Dahlen","Dahlenburg","Dahlenwarsleben","Dahme","Dahn","Daisendorf","Dalheim","Dallgow-Döberitz","Damme","Damp","Dänischenhagen","Dankmarshausen","Danndorf","Dannenberg","Dannewerk","Dannstadt-Schauernheim","Dargun","Darlingerode","Darmstadt","Dasing","Dassel","Dassendorf","Dassow","Datteln","Dattenberg","Dauchingen","Daun","Dausenau","Deckenpfronn","Dedelstorf","Deensen","Deggendorf","Deggingen","Dehrn","Deidesheim","Deilingen","Deining","Deiningen","Deinste","Deisenhausen","Deißlingen","Deizisau","Delbrück","Delingsdorf","Delitzsch","Dellfeld","Delligsen","Delmenhorst","Demen","Demitz-Thumitz","Demmin","Denkendorf","Denkingen","Denklingen","Dennheritz","Dentlein am Forst","Denzlingen","Derenburg","Dermbach","Dernau","Dernbach","Derschen","Dersekow","Dersum","Dessau","Destedt","Detern","Detmerode","Detmold","Dettelbach","Dettenhausen","Dettighofen","Dettingen","Dettingen an der Erms","Dettingen unter Teck","Dettum","Deuben","Deuerling","Deuna","Deutsch Evern","Deutz","Deutzen","Dexheim","Didderse","Diebach","Dieblich","Dieburg","Diedorf","Diekholzen","Dielheim","Dienheim","Diepholz","Dierdorf","Dierkow-Neu","Dierkow-West","Diesdorf","Dieskau","Diespeck","Dießen am Ammersee","Dietenheim","Dietenhofen","Dietersburg","Dietersheim","Dieterskirchen","Dietfurt","Dietingen","Dietmannsried","Dietramszell","Dietzenbach","Diez","Dillenburg","Dillingen","Dillingen an der Donau","Dingelstädt","Dingolfing","Dingolshausen","Dinkelsbühl","Dinkelscherben","Dinklage","Dinslaken","Dippach","Dipperz","Dippoldiswalde","Dirlewang","Dirmstein","Dischingen","Dissen","Ditfurt","Dittelbrunn","Dittelsheim-Heßloch","Dittenheim","Ditzingen","Dobbertin","Dobel","Doberlug-Kirchhain","Doberschütz","Dobersdorf","Dobien","Dogern","Dohma","Dohna","Dohren","Dollbergen","Dollern","Dollerup","Dombühl","Domersleben","Dommershausen","Dommitzsch","Domsühl","Donaueschingen","Donaustauf","Donauwörth","Donnersdorf","Donzdorf","Dorfchemnitz","Dorfen","Dorfhain","Dorfprozelten","Dormagen","Dormettingen","Dormitz","Dorndorf","Dornhan","Dornstadt","Dornstetten","Dornum","Dorsten","Dortmund","Dorum","Dossenheim","Dotternhausen","Döbeln","Döbernitz","Döhlau","Dölbau","Döllnitz","Döllstädt","Dömitz","Dörentrup","Dörpen","Dörrenbach","Dörverden","Dörzbach","Dötlingen","Drachselsried","Drage","Drakenburg","Drangstedt","Dransfeld","Dranske","Drebach","Drebkau","Dreetz","Dreieich","Dreierwalde","Dreikirchen","Dreis","Dreisen","Drelsdorf","Drensteinfurt","Drentwede","Dresden","Driedorf","Drochtersen","Drolshagen","Droyßig","Drübeck","Ducherow","Dudeldorf","Dudenhofen","Duderstadt","Duggendorf","Duingen","Duisburg","Dummerstorf","Dunningen","Dunum","Durach","Durbach","Durlangen","Durmersheim","Dußlingen","Duvenstedt","Dülmen","Dümmer","Düngenheim","Dünsen","Dürbheim","Düren","Dürmentingen","Dürnau","Dürrhennersdorf","Dürrlauingen","Dürrröhrsdorf","Dürrwangen","Düsseldorf","Düsseldorf District","Düsseldorf-Pempelfort","Ebeleben","Ebelsbach","Ebendorf","Ebensfeld","Ebenweiler","Eberbach","Eberdingen","Ebergötzen","Eberhardzell","Ebermannsdorf","Ebermannstadt","Ebernhahn","Ebersbach","Ebersbach an der Fils","Ebersbach-Musbach","Ebersberg","Ebersdorf","Eberstadt","Eberswalde","Ebertsheim","Ebhausen","Ebnath","Ebringen","Ebstorf","Echem","Eching","Echzell","Eckartsberga","Eckernförde","Eckersdorf","Eddelak","Edderitz","Edelsfeld","Edemissen","Edenkoben","Ederheim","Edersleben","Edesheim","Edewecht","Ediger-Eller","Edingen-Neckarhausen","Effelder","Effeltrich","Efringen-Kirchen","Egeln","Egelsbach","Egenhausen","Egenhofen","Egestorf","Egg an der Günz","Eggebek","Eggenfelden","Eggenstein-Leopoldshafen","Eggenthal","Eggermühlen","Eggersdorf","Eggesin","Eggingen","Egglham","Egglkofen","Eggolsheim","Eggstätt","Eging","Egling","Egloffstein","Egmating","Ehekirchen","Ehingen","Ehlscheid","Ehningen","Ehrenburg","Ehrenfriedersdorf","Ehringshausen","Eibau","Eibelstadt","Eibenstock","Eichenau","Eichenbarleben","Eichenbühl","Eichendorf","Eichenried","Eichenzell","Eichigt","Eichstätt","Eichstetten","Eichwalde","Eickendorf","Eicklingen","Eidelstedt","Eigeltingen","Eil","Eilenburg","Eilsleben","Eime","Eimeldingen","Eimen","Eimke","Eimsbüttel","Einbeck","Einhausen","Eisdorf am Harz","Eiselfing","Eisenach","Eisenbach","Eisenberg","Eisenburg","Eisenhüttenstadt","Eisfeld","Eisingen","Eisleben Lutherstadt","Eislingen","Eitelborn","Eiterfeld","Eitorf","Eitting","Elbe","Elbingerode","Eldena","Eldingen","Elfershausen","Elgersburg","Elkenroth","Ellefeld","Ellenberg","Ellerau","Ellerbek","Ellerhoop","Ellerstadt","Ellgau","Ellhofen","Ellingen","Ellrich","Ellwangen","Ellzee","Elmenhorst","Elmshorn","Elmstein","Elsdorf","Elsdorf-Westermühlen","Elsendorf","Elsenfeld","Elsfleth","Elsnig","Elster","Elsterberg","Elstertrebnitz","Elsterwerda","Elstra","Elterlein","Eltmann","Eltville","Elxleben","Elz","Elzach","Elze","Embsen","Emden","Emersacker","Emkendorf","Emlichheim","Emmelsbüll-Horsbüll","Emmelshausen","Emmendingen","Emmerich","Emmering","Emmingen-Liptingen","Empfingen","Emsbüren","Emsdetten","Emskirchen","Emstek","Emtinghausen","Emtmannsberg","Endingen","Engeln","Engelsberg","Engelsbrand","Engelskirchen","Engelthal","Engen","Enger","Eningen unter Achalm","Enkenbach-Alsenborn","Enkirch","Ennepetal","Ennetach","Ennigerloh","Ensdorf","Enzklösterle","Epfenbach","Epfendorf","Eppelborn","Eppelheim","Eppelsheim","Eppenbrunn","Eppendorf","Eppertshausen","Eppingen","Eppishausen","Eppstein","Erbach","Erbendorf","Erbes-Büdesheim","Erdeborn","Erding","Erdmannhausen","Erdweg","Eresing","Erfde","Erftstadt","Erfurt","Erfweiler","Ergersheim","Ergolding","Ergoldsbach","Ering","Eriskirch","Erkelenz","Erkenbrechtsweiler","Erkerode","Erkheim","Erkner","Erkrath","Erlabrunn","Erlangen","Erlau","Erlbach","Erlenbach","Erlenbach am Main","Erlenmoos","Erlensee","Erligheim","Ermlitz","Erndtebrück","Ernsgaden","Ernstroda","Erolzheim","Erpel","Erpolzheim","Ersingen","Ertingen","Erwitte","Erxleben","Erzhausen","Eschach","Eschau","Eschborn","Escheburg","Eschede","Eschelbronn","Eschenbach","Eschenlohe","Eschershausen","Eschlkam","Eschwege","Eschweiler","Esens","Eslarn","Eslohe","Espelkamp","Espenau","Espenhain","Essel","Esselbach","Essen","Essenbach","Essenheim","Essing","Essingen","Esslingen","Estenfeld","Esterwegen","Esthal","Estorf","Ettenheim","Ettlingen","Ettringen","Etzbach","Etzelwang","Etzenricht","Euerbach","Euerdorf","Eurasburg","Euskirchen","Eußenheim","Eutin","Eutingen an der Enz","Everswinkel","Evessen","Eydelstedt","Eyendorf","Eystrup","Fachbach","Fahrdorf","Fahrenbach","Fahrenkrug","Fahrenzhausen","Faid","Falkenau","Falkenberg","Falkenfels","Falkenhagener Feld","Falkenhain","Falkensee","Falkenstein","Fambach","Farchant","Farmsen-Berne","Farnstädt","Faßberg","Faulbach","Fedderwarden","Fehmarn","Fehrbellin","Feilbingert","Feilitzsch","Feldafing","Feldberg","Felde","Feldkirchen","Feldkirchen-Westerham","Feldstadt","Fell","Fellbach","Fellheim","Felm","Felsberg","Fennpfuhl","Ferdinandshof","Feucht","Feuchtwangen","Fichtelberg","Fichtenberg","Fichtenwalde","Filderstadt","Filsum","Finnentrop","Finningen","Finsing","Finsterbergen","Finsterwalde","Fintel","Fischach","Fischbach","Fischbachau","Fischerbach","Flachslanden","Flacht","Fladungen","Flammersfeld","Flechtingen","Fleckeby","Flein","Flensburg","Flessau","Flieden","Flintbek","Flintsbach","Flomborn","Flonheim","Florstadt","Floß","Flossenbürg","Flöha","Flörsheim","Flöthe","Fockbek","Forbach","Forchheim","Forchtenberg","Forst","Forstinning","Föhren","Förderstedt","Föritz","Framersheim","Frammersbach","Frankenau","Frankenberg","Frankenheim","Frankenstein","Frankenthal","Frankenwinheim","Frankfurt (Oder)","Frankfurt am Main","Fränkisch-Crumbach","Frankleben","Franzburg","Französisch Buchholz","Frasdorf","Frauenau","Fraueneuharting","Frauenprießnitz","Frauenstein","Frauenwald","Fraunberg","Fraureuth","Frechen","Freckenfeld","Freden","Frei-Laubersheim","Freiberg","Freiberg am Neckar","Freiburg","Freiburg Region","Freienbessingen","Freiensteinau","Freienwill","Freihung","Freilassing","Freinsheim","Freisbach","Freisen","Freising","Freital","Fremdingen","Frensdorf","Freren","Freudenberg","Freudenburg","Freudenstadt","Freudental","Freyburg","Freystadt","Freyung","Frickenhausen","Frickingen","Fridingen an der Donau","Fridolfing","Friedberg","Friedeburg","Friedelsheim","Friedenau","Friedenfels","Friedenweiler","Friedersdorf","Friedewald","Friedland","Friedrichroda","Friedrichsbrunn","Friedrichsdorf","Friedrichsfelde","Friedrichshafen","Friedrichshagen","Friedrichshain","Friedrichskoog","Friedrichstadt","Friedrichsthal","Frielendorf","Friemar","Friesack","Friesenhagen","Friesenried","Friesoythe","Friolzheim","Frittlingen","Fritzlar","Frohburg","Frohnau","Fronhausen","Fronreute","Frontenhausen","Frose","Fröndenberg","Fuchsmühl","Fuchsstadt","Fuhlsbüttel","Fulda","Fuldatal","Furth","Furth im Wald","Furtwangen","Fußgönheim","Fünfstetten","Fürfeld","Fürstenau","Fürstenberg","Fürsteneck","Fürstenfeldbruck","Fürstenhausen","Fürstenstein","Fürstenwalde","Fürstenzell","Fürth","Fürthen","Füssen","Gablenz","Gablingen","Gachenbach","Gadebusch","Gadheim","Gägelow","Gaggenau","Gaiberg","Gaienhofen","Gaildorf","Gailingen","Gaimersheim","Gaißach","Gallus","Gammelsdorf","Gammelshausen","Gammertingen","Ganderkesee","Gangelt","Gangkofen","Gangloffsömmern","Garbsen","Garbsen-Mitte","Garching an der Alz","Garching bei München","Gardelegen","Garding","Garlstorf","Garmisch-Partenkirchen","Garrel","Gars","Garstedt","Gartenstadt","Gartow","Gärtringen","Gartz","Garz","Gatersleben","Gatow","Gattendorf","Gau-Algesheim","Gau-Bickelheim","Gau-Bischofsheim","Gau-Odernheim","Gaukönigshofen","Gauting","Gebesee","Gebhardshain","Gebsattel","Gechingen","Gedern","Geeste","Geesthacht","Gefrees","Gehrde","Gehrden","Gehren","Geiersthal","Geilenkirchen","Geisa","Geiselbach","Geiselhöring","Geiselwind","Geisenfeld","Geisenhausen","Geisenheim","Geising","Geisingen","Geisleden","Geislingen","Geislingen an der Steige","Geismar","Geithain","Gelbensande","Geldern","Geldersheim","Gelenau","Gelnhausen","Gelsenkirchen","Geltendorf","Gelting","Gemeinde Friedland","Gemmingen","Gemmrigheim","Gemünden","Gemünden am Main","Gemünden an der Wohra","Genderkingen","Gengenbach","Gensingen","Genthin","Georgenberg","Georgensgmünd","Georgenthal","Georgsdorf","Georgsmarienhütte","Gera","Geraberg","Gerabronn","Gerach","Gerbrunn","Gerbstedt","Gerdau","Geretsried","Gerhardshofen","Geringswalde","Gerlingen","Germering","Germersheim","Gernrode","Gernsbach","Gernsheim","Geroldsgrün","Geroldshausen","Gerolfingen","Gerolsbach","Gerolsheim","Gerolstein","Gerolzhofen","Gersdorf","Gersfeld","Gersheim","Gersten","Gerstetten","Gersthofen","Gerstungen","Gerswalde","Gerwisch","Gerzen","Gescher","Geschwenda","Gesees","Geseke","Geslau","Gessertshausen","Gestratz","Gesundbrunnen","Gettorf","Geusa","Gevelsberg","Geyer","Giebelstadt","Gieboldehausen","Giekau","Gielow","Giengen an der Brenz","Giersleben","Giesen","Gießen","Gifhorn","Gilching","Gillenfeld","Gilserberg","Gilten","Gimbsheim","Gingen an der Fils","Gingst","Ginsheim-Gustavsburg","Girod","Gittelde","Gladbeck","Gladenbach","Glan-Münchweiler","Glandorf","Glashütte","Glashütten","Glattbach","Glatten","Glaubitz","Glauburg","Glauchau","Gleichamberg","Glienicke","Glinde","Glindenberg","Glonn","Glowe","Glöthe","Glött","Glücksburg","Glückstadt","Gmund am Tegernsee","Gnarrenburg","Gnoien","Gnutz","Goch","Gochsheim","Goel","Goldbach","Goldbeck","Goldberg","Goldenstedt","Goldkronach","Golmbach","Golßen","Golzow","Gomadingen","Gomaringen","Gommern","Gommersheim","Gondelsheim","Gondershausen","Gornau","Gornsdorf","Goseck","Gosheim","Goslar","Gossersweiler-Stein","Goßwitz","Gotha","Gottenheim","Gotteszell","Gottfrieding","Gottmadingen","Göda","Göggingen","Göllheim","Gönnheim","Göppingen","Görisried","Görlitz","Görmin","Görsbach","Görwihl","Görzig","Görzke","Gössenheim","Gößnitz","Gößweinstein","Göttingen","Graben","Graben-Neudorf","Grabenstätt","Grabenstetten","Grabow","Grabowhöfe","Grabsleben","Gräfelfing","Grafenau","Gräfenberg","Gräfendorf","Grafengehaig","Gräfenhain","Gräfenhainichen","Grafenhausen","Grafenrheinfeld","Gräfenroda","Grafenwiesen","Grafenwöhr","Grafhorst","Grafing bei München","Grafrath","Grainau","Grainet","Gramkow","Gramzow","Granschütz","Gransee","Grasberg","Grasbrunn","Grasleben","Grassau","Grattersdorf","Grävenwiesbach","Grebenau","Grebenhain","Grebenstein","Grebin","Greding","Greffern","Grefrath","Greifenberg","Greifenstein","Greifswald","Greiling","Greimerath","Greiz","Gremberghoven","Gremersdorf","Gremsdorf","Grenzach-Wyhlen","Greppin","Grettstadt","Greußen","Greußenheim","Greven","Grevenbroich","Grevesmühlen","Gries","Griesheim","Griesstätt","Grimma","Grimmen","Groitzsch","Grolsheim","Gronau","Gropiusstadt","Groß Ammensleben","Groß Börnecke","Groß Düben","Groß Grönau","Groß Ippener","Groß Kiesow","Groß Köris","Groß Kreutz","Groß Kummerfeld","Groß Laasch","Groß Lindow","Groß Miltzow","Groß Munzel","Groß Nemerow","Groß Oesingen","Groß Pankow","Groß Quenstedt","Groß Rheide","Groß Rodensleben","Groß Rosenburg","Groß Santersleben","Groß Twülpstedt","Groß Wittensee","Groß Wokern","Groß-Bieberau","Groß-Gerau","Groß-Rohrheim","Groß-Umstadt","Groß-Zimmern","Großaitingen","Großalmerode","Großbardau","Großbardorf","Großbartloff","Großbeeren","Großbettlingen","Großbodungen","Großbothen","Großbottwar","Großbreitenbach","Großdubrau","Großeibstadt","Grosselfingen","Großenaspe","Grossenbrode","Großenehrich","Großengottern","Großenhain","Großenkneten","Großenlüder","Großensee","Großenseebach","Großenstein","Großenwiehe","Großerlach","Großgoltern","Großhabersdorf","Großhansdorf","Großharthau","Großhartmannsdorf","Großheirath","Großhennersdorf","Großheubach","Großholbach","Großkarlbach","Großkarolinenfeld","Großkayna","Großkmehlen","Großkorbetha","Großkrotzenburg","Großkugel","Großlangheim","Großlehna","Großlittgen","Großmaischeid","Großmonra","Großnaundorf","Großniedesheim","Großolbersdorf","Großostheim","Großörner","Großpostwitz","Großpösna","Großräschen","Großreuth bei Schweinau","Großrinderfeld","Großrosseln","Großröhrsdorf","Großrudestedt","Großrückerswalde","Großschirma","Großschönau","Großschweidnitz","Großsolt","Großthiemig","Großwallstadt","Großweil","Großweitzschen","Großwoltersdorf","Gröbenzell","Gröbers","Gröbzig","Gröden","Grömitz","Gröningen","Grönwohld","Grub","Grube","Gruibingen","Grunewald","Grünau","Grünbach","Grünberg","Grünenbach","Grünendeich","Grünhain","Grünhainichen","Grünheide","Grünkraut","Grünsfeld","Grünstadt","Grünwald","Gschwend","Gstadt am Chiemsee","Guben","Gudensberg","Guderhandviertel","Gudow","Gummersbach","Gumtow","Gundelfingen","Gundelsheim","Gundersheim","Gundremmingen","Guntersblum","Gunzenhausen","Gusenburg","Gusterath","Gutach","Gutach im Breisgau","Gutenberg","Gutenstetten","Gutenzell-Hürbel","Guttau","Guxhagen","Gückingen","Güglingen","Gülzow","Güntersleben","Günthersdorf","Günzach","Günzburg","Güsten","Güster","Güstrow","Gütenbach","Gütersloh","Gützkow","Gyhum","Haag an der Amper","Haag in Oberbayern","Haan","Haar","Haarbach","Habach","Hachenburg","Hackenheim","Hadamar","Hadmersleben","Hafenlohr","Hage","Hagelstadt","Hagen","Hagen im Bremischen","Hagenbach","Hagenburg","Hagenbüchach","Hagenow","Hagnau","Hahnbach","Hahnheim","Hähnichen","Hahnstätten","Haibach","Haidmühle","Haiger","Haigerloch","Haimhausen","Haiming","Hain-Gründau","Haina","Hainewalde","Hainichen","Hainsfarth","Haiterbach","Hakenfelde","Halbe","Halbemond","Halberstadt","Halblech","Haldensleben I","Haldenwang","Halensee","Halfing","Hallbergmoos","Halle","Halle (Saale)","Halle Neustadt","Hallenberg","Hallerndorf","Hallstadt","Halsbrücke","Halsenbach","Halstenbek","Haltern am See","Halver","Hamberge","Hambergen","Hambrücken","Hamburg","Hamburg-Altstadt","Hamburg-Mitte","Hamburg-Nord","Hambühren","Hamdorf","Hameln","Hamm","Hammah","Hammelburg","Hammerbrook","Hammerbrücke","Hammersbach","Hamminkeln","Hammoor","Hanau am Main","Handeloh","Handewitt","Handorf","Hanerau-Hademarschen","Hangard","Hanhofen","Hänigsen","Hankensbüttel","Hannover","Hannoversch Münden","Hansaviertel","Hanstedt","Hanstedt Eins","Happurg","Harbke","Harburg","Hardegsen","Hardheim","Hardt","Haren","Hargesheim","Harpstedt","Harrislee","Harsdorf","Harsefeld","Harsewinkel","Harsleben","Harsum","Hartenholm","Hartenstein","Hartha","Harthausen","Hartheim","Hartmannsdorf","Harxheim","Harzgerode","Hasbergen","Hasel","Haselau","Haselbach","Haselbachtal","Haseldorf","Haselhorst","Haselünne","Haslach","Hasloch","Hasloh","Haßbergen","Hassel","Hasselfelde","Hassendorf","Haßfurt","Haßleben","Haßloch","Haßmersheim","Haste","Hatten","Hattenhofen","Hattersheim","Hattert","Hattingen","Hattorf","Hattstedt","Hatzenbühl","Hatzfeld","Hauenstein","Haundorf","Haunsheim","Hauptstuhl","Hausach","Hausen","Häusern","Hausham","Hauswalde","Hauzenberg","Havelberg","Haverlah","Havixbeck","Hawangen","Hayingen","Hebertsfelden","Hebertshausen","Hechingen","Hechthausen","Hecklingen","Heddesheim","Hedersleben","Heede","Heek","Heemsen","Heere","Heeslingen","Heeßen","Hehlen","Heide","Heideck","Heidelberg","Heiden","Heidenau","Heidenheim","Heidenheim an der Brenz","Heidesheim","Heidgraben","Heidstock","Heigenbrücken","Heikendorf","Heilbad Heiligenstadt","Heilbronn","Heiligenberg","Heiligengrabe","Heiligenhafen","Heiligenhaus","Heiligenroth","Heiligensee","Heiligenstadt","Heiligenstedten","Heiligkreuzsteinach","Heilsbronn","Heimbach","Heimbuchenthal","Heimenkirch","Heimertingen","Heimsheim","Heinade","Heinböckel","Heinersdorf","Heiningen","Heinsberg","Heinsen","Heist","Heistenbach","Heitersheim","Helbra","Heldrungen","Helferskirchen","Helgoland","Hellenhahn-Schellenberg","Hellenthal","Hellersdorf","Hellingen","Hellwege","Helmbrechts","Helmstadt","Helmstadt-Bargen","Helmstedt","Helpsen","Helsa","Heltersberg","Hemau","Hemdingen","Hemer","Hemhofen","Hemmingen","Hemmingstedt","Hemmoor","Hemsbach","Hemsbünde","Hemslingen","Hendungen","Henfenfeld","Hengersberg","Hennef","Hennigsdorf","Hennstedt","Hennweiler","Henstedt-Ulzburg","Heppenheim an der Bergstrasse","Hepstedt","Herbertingen","Herbolzheim","Herborn","Herbrechtingen","Herbsleben","Herbstein","Herdecke","Herdorf","Herdwangen-Schönach","Heretsried","Herford","Herforst","Hergensweiler","Hergisdorf","Heringen","Heringsdorf","Herleshausen","Hermannsburg","Hermaringen","Hermersberg","Hermeskeil","Hermsdorf","Herne","Heroldsbach","Heroldsberg","Herrenberg","Herrieden","Herrischried","Herrngiersdorf","Herrnhut","Herrsching am Ammersee","Hersbruck","Herschdorf","Herscheid","Herschweiler-Pettersheim","Herten","Herxheim am Berg","Herzberg","Herzberg am Harz","Herzhorn","Herzlake","Herzogenaurach","Herzogenrath","Hesel","Hespe","Heßdorf","Heßheim","Hessigheim","Hessisch Lichtenau","Hessisch Oldendorf","Hetlingen","Hettenleidelheim","Hettenshausen","Hettingen","Hettstadt","Hettstedt","Hetzerath","Hetzles","Heubach","Heuchelheim","Heuchelheim bei Frankenthal","Heuchlingen","Heudeber","Heuerßen","Heusenstamm","Heustreu","Heusweiler","Heyerode","Heyersum","Hiddenhausen","Hiddensee","Hilbersdorf","Hilchenbach","Hildburghausen","Hilden","Hilders","Hildesheim","Hildrizhausen","Hilgermissen","Hilgert","Hilgertshausen-Tandern","Hille","Hillerse","Hillesheim","Hillscheid","Hilpoltstein","Hiltenfingen","Hilter","Hiltpoltstein","Hilzingen","Himbergen","Himmelkron","Himmelpforten","Himmelstadt","Hinte","Hinterschmiding","Hinterweidenthal","Hinterzarten","Hipstedt","Hirrlingen","Hirschaid","Hirschau","Hirschbach","Hirschberg an der Bergstraße","Hirschfeld","Hirschfelde","Hirschhorn","Hirzenhain","Hitzacker","Hitzhusen","Hochdonn","Hochdorf","Hochdorf-Assenheim","Hochfeld","Hochheim am Main","Hochkirch","Hochspeyer","Hochstadt","Hochstadt am Main","Hochstetten-Dhaun","Hockenheim","Hodenhagen","Hof","Hofbieber","Hofgeismar","Hofheim am Taunus","Hofheim in Unterfranken","Hofkirchen","Hofstetten","Hohberg","Hohburg","Hohen Neuendorf","Hohenaspe","Hohenau","Hohenberg an der Eger","Hohenbocka","Hohenbrunn","Hohenburg","Hohendodeleben","Hohenfelde","Hohenfels","Hohenfurch","Hohenhameln","Hohenkammer","Hohenleipisch","Hohenleuben","Hohenlinden","Hohenlockstedt","Hohenmölsen","Hohenpeißenberg","Hohenpolding","Hohenstein-Ernstthal","Hohentengen","Hohenthann","Hohenthurm","Hohenwarsleben","Hohenwarth","Hohenwarthe","Hohenwestedt","Hohn","Hohndorf","Hohnhorst","Hohnstein","Hoisdorf","Holdorf","Holle","Holleben","Hollenbach","Hollenstedt","Holler","Hollfeld","Hollingstedt","Hollstadt","Holm","Holtland","Holtsee","Holzappel","Holzdorf","Holzgerlingen","Holzgünz","Holzhausen an der Haide","Holzheim","Holzkirchen","Holzmaden","Holzminden","Holzweißig","Holzwickede","Homberg","Homburg","Hoogstede","Hopferau","Hoppstädten-Weiersbach","Horb am Neckar","Horben","Hordel","Horgau","Horgenzell","Horhausen","Horka","Hormersdorf","Horn","Hornbach","Hornberg","Hornburg","Horneburg","Hornhausen","Hornstorf","Horrenberg","Horst","Horstedt","Horstmar","Hosenfeld","Hoya","Hoyerswerda","Hoym","Höchberg","Höchenschwand","Höchheim","Höchst im Odenwald","Höchstadt an der Aisch","Höchstädt an der Donau","Höchstädt bei Thiersheim","Höckendorf","Höfen an der Enz","Höheinöd","Höheischweiler","Höhenberg","Höhenkirchen-Siegertsbrunn","Höhn","Höhnstedt","Höhr-Grenzhausen","Höingen","Höpfingen","Hörden","Hördt","Hörgertshausen","Hörnsheim","Hörselgau","Hörstel","Hösbach","Höslwang","Hötensleben","Höttingen","Hövelhof","Höxter","Hude","Huede","Huglfing","Huisheim","Humboldtkolonie","Hummelsbüttel","Hunderdorf","Hundeshagen","Hunding","Hundsangen","Hungen","Hurlach","Husum","Hutthurm","Huy-Neinstedt","Hückelhoven","Hückeswagen","Hüffelsheim","Hüffenhardt","Hüfingen","Hügelsheim","Hülben","Hüllhorst","Hülsede","Hünfeld","Hünxe","Hürtgenwald","Hürth","Hürup","Hütschenhausen","Hüttenrode","Hüttisheim","Hüttlingen","Ibbenbüren","Ichenhausen","Ichtershausen","Icking","Idar-Oberstein","Idstein","Iffeldorf","Iffezheim","Ifta","Igel","Igensdorf","Igersheim","Iggensbach","Iggingen","Ihlienworth","Ihringen","Ihrlerstein","Ilberstedt","Ilbesheim","Ilfeld","Illerrieden","Illertissen","Illingen","Illmensee","Illschwang","Ilmenau","Ilmmünster","Ilsede","Ilsenburg","Ilsfeld","Ilshofen","Ilvesheim","Immelborn","Immendingen","Immenhausen","Immenreuth","Immenstaad am Bodensee","Immenstadt im Allgäu","Imsbach","Inchenhofen","Inden","Ingelfingen","Ingelheim am Rhein","Ingersleben","Ingoldingen","Ingolstadt","Innernzell","Inning am Ammersee","Inning am Holz","Insheim","Insingen","Inzell","Inzigkofen","Inzlingen","Iphofen","Ippesheim","Ipsheim","Irchenrieth","Irlbach","Irrel","Irsch","Irschenberg","Irsee","Irxleben","Isen","Isenbüttel","Iserlohn","Isernhagen Farster Bauerschaft","Ismaning","Isny","Ispringen","Isselburg","Issum","Itterbeck","Ittlingen","Itzehoe","Itzstedt","Jacobsdorf","Jagsthausen","Jagstzell","Jahnsdorf","Jameln","Jandelsbrunn","Jänschwalde","Jarmen","Jarplund-Weding","Jatznick","Jävenitz","Jembke","Jemgum","Jena","Jengen","Jerichow","Jerrishoe","Jersbek","Jerxheim","Jesberg","Jesenwang","Jesewitz","Jessen","Jeßnitz","Jesteburg","Jestetten","Jettingen-Scheppach","Jetzendorf","Jevenstedt","Jever","Joachimsthal","Jockgrim","Johannesberg","Johanngeorgenstadt","Johanniskirchen","Johannisthal","Jork","Jöhlingen","Jöhstadt","Jördenstorf","Judenbach","Jugenheim","Juist","Julbach","Jungingen","Jübek","Jüchen","Jüchsen","Jühnde","Jülich","Jünkerath","Jürgenshagen","Jüterbog","Kaarst","Kadenbach","Kahl am Main","Kahla","Kaisersbach","Kaisersesch","Kaiserslautern","Kaisheim","Kakenstorf","Kalbe","Kalchreuth","Kalefeld","Kalk","Kalkar","Kalkhorst","Kall","Kallmünz","Kallstadt","Kaltenengers","Kaltenkirchen","Kaltennordheim","Kaltenwestheim","Kamen","Kamenz","Kammerstein","Kamp-Bornhofen","Kamp-Lintfort","Kamsdorf","Kandel","Kandern","Kannawurf","Kappel-Grafenhausen","Kappeln","Kappelrodeck","Kapsweyer","Karbach","Karben","Karlsdorf-Neuthard","Karlsfeld","Karlshagen","Karlshorst","Karlshuld","Karlskron","Karlsruhe","Karlsruhe Region","Karlstadt","Karow","Karsbach","Karsdorf","Karstädt","Kasbach-Ohlenberg","Kasel","Kasendorf","Kasseedorf","Kassel","Kastellaun","Kastl","Kastorf","Katharinenberg","Katlenburg-Lindau","Katzenelnbogen","Katzhütte","Katzweiler","Katzwinkel","Kaub","Kaufbeuren","Kaufering","Kaufungen","Kaulsdorf","Kavelstorf","Kayhude","Kayna","Kefenrod","Kehl","Kehrig","Keitum","Kelberg","Kelbra","Kelheim","Kelkheim (Taunus)","Kell","Kellenhusen","Kellinghusen","Kellmünz","Kelsterbach","Kemberg","Kemmern","Kemnath","Kemnitz","Kempen","Kempenich","Kempten (Allgäu)","Kenn","Kenzingen","Kerpen","Kerzenheim","Kessin","Ketsch","Kettenkamp","Kettershausen","Kettig","Ketzin","Kevelaer","Kiebitzreihe","Kiedrich","Kiefersfelden","Kiel","Kienberg","Kierspe","Kieselbronn","Kindelbrück","Kindenheim","Kinderbeuern","Kindsbach","Kippenheim","Kirchanschöring","Kirchardt","Kirchberg","Kirchberg an der Iller","Kirchberg an der Jagst","Kirchberg an der Murr","Kirchbrak","Kirchdorf","Kirchdorf am Inn","Kirchdorf im Wald","Kirchehrenbach","Kirchen","Kirchenlamitz","Kirchenpingarten","Kirchensittenbach","Kirchentellinsfurt","Kirchenthumbach","Kirchgellersen","Kirchhain","Kirchham","Kirchhaslach","Kirchheim","Kirchheim am Neckar","Kirchheim am Ries","Kirchheim an der Weinstraße","Kirchheim bei München","Kirchheim unter Teck","Kirchheimbolanden","Kirchhundem","Kirchlauter","Kirchlengern","Kirchlinteln","Kirchroth","Kirchseelte","Kirchseeon","Kirchtimke","Kirchwald","Kirchwalsede","Kirchweidach","Kirchworbis","Kirchzarten","Kirchzell","Kirkel","Kirn","Kirrweiler","Kirschau","Kirschweiler","Kirtorf","Kisdorf","Kissenbrück","Kissing","Kißlegg","Kist","Kitzen","Kitzingen","Kitzscher","Kladow","Klausdorf","Klausen","Klein Berßen","Klein Gusborn","Klein Nordende","Klein Offenseth-Sparrieshoop","Klein Reken","Klein Rogahn","Klein Rönnau","Klein Schwülper","Klein Wanzleben","Klein-Winternheim","Kleinaitingen","Kleinblittersdorf","Kleiner Grasbrook","Kleinfurra","Kleinheubach","Kleinkahl","Kleinlangheim","Kleinmachnow","Kleinmaischeid","Kleinostheim","Kleinrinderfeld","Kleinsendelbach","Kleinwallstadt","Kleinwenden","Klettbach","Kleve","Klieken","Klietz","Klingenberg am Main","Klingenmünster","Klingenstein","Klingenthal","Klink","Klipphausen","Klitten","Kloster Lehnin","Klosterlechfeld","Klostermansfeld","Klotten","Klötze","Kluse","Klüsserath","Klütz","Knetzgau","Knittelsheim","Knittlingen","Kobern-Gondorf","Koblenz","Kochel","Kodersdorf","Kohlberg","Kolbermoor","Kolbingen","Kolitzheim","Kolkwitz","Kollmar","Kollnburg","Konradshöhe","Konradsreuth","Konstanz","Konz","Konzell","Korb","Korbach","Kordel","Korntal","Kornwestheim","Korschenbroich","Kosel","Koserow","Kossa","Kottenheim","Kottgeisering","Kottweiler-Schwanden","Köditz","Ködnitz","Köfering","Kölbingen","Kölleda","Kölln-Reisiek","Köln","Köngen","Köngernheim","Königheim","Königs Wusterhausen","Königsbach-Stein","Königsbronn","Königsbrunn","Königsbrück","Königsdorf","Königsee","Königsfeld","Königsfeld im Schwarzwald","Königshain","Königslutter am Elm","Königstein","Königstein im Taunus","Königswalde","Königswartha","Königswinter","Könitz","Könnern","Köpenick","Körle","Körner","Körperich","Köthen","Kötzschau","Kötzting","Kraftsdorf","Kraiburg am Inn","Kraichtal","Krailling","Krakow am See","Kramerhof","Kranenburg","Kranichfeld","Krauchenwies","Krauschwitz","Krauthausen","Krautheim","Krebeck","Krefeld","Kreiensen","Kreischa","Kremmen","Krempe","Kremperheide","Kressbronn am Bodensee","Kretzschau","Kreut","Kreuzau","Kreuzberg","Kreuztal","Kreuzwertheim","Krickenbach","Kriebitzsch","Kriebstein","Kriegsfeld","Kriftel","Kritzmow","Krombach","Kromsdorf","Kronach","Kronau","Kronberg","Kronberg Tal","Kronburg","Kronshagen","Kropp","Kroppenstedt","Kropstädt","Krostitz","Krölpa","Kröpelin","Kröppelshagen-Fahrendorf","Kröslin","Kröv","Kruft","Krumbach","Krummennaab","Krummesse","Krumpa","Krün","Kubschütz","Kuchen","Kuddewörde","Kueps Oberfranken","Kuhardt","Kulmain","Kulmbach","Kumhausen","Kummerfeld","Kunreuth","Kupferberg","Kupferzell","Kuppenheim","Kurort Gohrisch","Kurort Jonsdorf","Kurort Oberwiesenthal","Kurort Oybin","Kusel","Kusey","Kusterdingen","Kutenholz","Kutzenhausen","Kühbach","Kühndorf","Kührstedt","Küllstedt","Külsheim","Kümmersbruck","Künzell","Künzelsau","Künzing","Kürnach","Kürnbach","Kürten","Küsten","Kyllburg","Kyritz","Laage","Laar","Laatzen","Laberweinting","Laboe","Lachen","Lachen-Speyerdorf","Lachendorf","Ladbergen","Ladelund","Ladenburg","Laer","Lage","Lägerdorf","Lähden","Lahnstein","Lahr","Laichingen","Lalendorf","Lalling","Lam","Lambrecht","Lambrechtshagen","Lambsheim","Lamerdingen","Lampertheim","Lampertswalde","Lamspringe","Lamstedt","Landau an der Isar","Landau in der Pfalz","Landesbergen","Landolfshausen","Landsberg","Landsberg am Lech","Landsberied","Landscheid","Landshut","Landstuhl","Langballig","Langeln","Langelsheim","Langen","Langenaltheim","Langenargen","Langenau","Langenbach","Langenbach bei Marienberg","Langenberg","Langenbernsdorf","Langenbogen","Langenbrettach","Langenburg","Langendorf","Langeneichstädt","Langenenslingen","Langenfeld","Langenhagen","Langenhahn","Langenhorn","Langenlonsheim","Langenmosen","Langenneufnach","Langenorla","Langenpreising","Langenselbold","Langensendelbach","Langenstein","Langenwetzendorf","Langenzenn","Langeoog","Langerringen","Langerwehe","Langewiesen","Langfurth","Langgöns","Langlingen","Langquaid","Langstedt","Langsur","Langula","Langwedel","Langweid","Lankow","Lankwitz","Lanstrop","Lappersdorf","Lasbek","Lassan","Lastrup","Lathen","Laubach","Lauben","Laucha","Lauchhammer","Lauchheim","Lauchringen","Lauchröden","Lauda-Königshofen","Laudenbach","Lauenau","Lauenbrück","Lauenburg","Lauenhagen","Lauf","Lauf an der Pegnitz","Laufach","Laufdorf","Laufen","Laufenburg","Lauffen am Neckar","Laugna","Lauingen","Laupheim","Lauscha","Laußig","Laußnitz","Lautenbach","Lauter","Lauterbach","Lauterbach/Schwarzwald","Lauterecken","Lauterhofen","Lautertal","Lautrach","Lawalde","Lebach","Lebus","Lechbruck","Leck","Leegebruch","Leer","Leese","Leezdorf","Leezen","Legau","Legden","Lehe","Lehesten","Lehmen","Lehmkuhlen","Lehrberg","Lehre","Lehrensteinsfeld","Lehrte","Leibertingen","Leiblfing","Leichlingen","Leidersbach","Leiferde","Leimbach","Leimen","Leimersheim","Leinburg","Leinefelde-Worbis","Leinfelden-Echterdingen","Leingarten","Leinzell","Leipheim","Leipzig","Leisnig","Leißling","Leitzkau","Leiwen","Lemberg","Lemförde","Lemgo","Lemsahl-Mellingstedt","Lemwerder","Lengdorf","Lengede","Lengefeld","Lengenfeld","Lengenwang","Lengerich","Lenggries","Lennestadt","Lenningen","Lensahn","Lentföhrden","Lenzen","Lenzkirch","Leonberg","Leopoldshöhe","Letschin","Letzlingen","Leubnitz","Leubsdorf","Leuchtenberg","Leun","Leuna","Leupoldsgrün","Leutenbach","Leutenberg","Leutersdorf","Leutershausen","Leutesdorf","Leutkirch","Leverkusen","Lewenberg","Lich","Lichte","Lichtenau","Lichtenberg","Lichtenfels","Lichtenrade","Lichtenstein","Lichtentanne","Lichterfelde","Liebenau","Liebenburg","Liebenwalde","Lieberose","Liebstadt","Liederbach","Lienen","Lieser","Lieskau","Lilienthal","Limbach","Limbach-Oberfrohna","Limburg an der Lahn","Limburgerhof","Linau","Lindau","Lindberg","Linden","Lindenberg","Lindenfels","Lindewitt","Lindhorst","Lindlar","Lindow","Lindwedel","Lingen","Lingenfeld","Linkenheim-Hochstetten","Linnich","Lintig","Linz am Rhein","Lippstadt","Lissendorf","List","Litzendorf","Lobbach","Lobstädt","Loburg","Lochau","Loddin","Loffenau","Lohberg","Lohe-Rickelshof","Lohfelden","Lohmar","Lohmen","Lohne","Lohr am Main","Lohra","Lohsa","Loiching","Loitz","Lollar","Lommatzsch","Longkamp","Longuich","Lonnerstadt","Lonnig","Lonsee","Lorch","Lorsch","Lorup","Losheim","Loßburg","Lostau","Lotte","Lottstetten","Lower Bavaria","Loxstedt","Löbau","Löbejün","Löberitz","Löbichau","Löbnitz","Löchgau","Löcknitz","Löf","Löffingen","Löhnberg","Löhne","Löningen","Lörrach","Lörzweiler","Lößnitz","Löwenstein","Lubmin","Lucka","Luckau","Luckenwalde","Ludweiler-Warndt","Ludwigsburg","Ludwigsfelde","Ludwigshafen am Rhein","Ludwigslust","Ludwigsstadt","Luftkurort Arendsee","Lugau","Luhden","Luhe-Wildenau","Luisenthal","Lunden","Lunestedt","Lunzenau","Lupburg","Lurup","Lustadt","Lutter am Barenberge","Lutzerath","Lübars","Lübbecke","Lübben","Lübbenau","Lübeck","Lübow","Lübstorf","Lübtheen","Lübz","Lüchow","Lüdenscheid","Lüder","Lüderitz","Lüdersdorf","Lüdersfeld","Lüdinghausen","Lügde","Lüneburg","Lünen","Lünne","Lürschau","Lütjenburg","Lütjensee","Lützelbach","Lützen","Lützow","Lychen","Machern","Mackenbach","Magdala","Magdeburg","Magstadt","Mahlberg","Mahlsdorf","Mähring","Maierhöfen","Maihingen","Maikammer","Mainaschaff","Mainbernheim","Mainburg","Mainhardt","Mainleus","Mainstockheim","Maintal","Mainz","Mainzweiler","Maisach","Maitenbeth","Malborn","Malchin","Malching","Malchow","Malente","Malgersdorf","Mallersdorf-Pfaffenberg","Malliß","Malsch","Malschwitz","Malsfeld","Malterdingen","Mammelzen","Mammendorf","Mamming","Manching","Manderscheid","Mannheim","Manschnow","Mansfeld","Mantel","Marbach am Neckar","Marburg an der Lahn","Margetshöchheim","Mariaposching","Marienberg","Mariendorf","Marienfelde","Marienhafe","Marienheide","Marienrachdorf","Mariental","Marienthal","Marienwerder","Maring-Noviand","Markdorf","Markersbach","Markersdorf","Markgröningen","Märkisches Viertel","Markkleeberg","Marklkofen","Marklohe","Markneukirchen","Markranstädt","Marksuhl","Markt Berolzheim","Markt Bibart","Markt Einersheim","Markt Erlbach","Markt Indersdorf","Markt Nordheim","Markt Rettenbach","Markt Schwaben","Markt Taschendorf","Markt Wald","Marktbergel","Marktbreit","Marktgraitz","Marktheidenfeld","Marktl","Marktleugast","Marktleuthen","Marktoberdorf","Marktoffingen","Marktredwitz","Marktrodach","Marktschellenberg","Marktschorgast","Marktsteft","Marktzeuln","Marl","Marloffstein","Marlow","Marnheim","Maroldsweisach","Marpingen","Marquartstein","Marsberg","Marschacht","Martensrade","Martfeld","Martinhagen","Martinsheim","Martinshöhe","Marxen","Marxheim","Marzahn","Marzling","Masburg","Maselheim","Maßbach","Massenbachhausen","Masserberg","Massing","Maßweiler","Mastershausen","Mauer","Mauern","Mauerstetten","Maulbronn","Maulburg","Mauth","Maxdorf","Maxhütte-Haidhof","Maxsain","Mayen","Mechernich","Mechterstädt","Meckenbeuren","Meckenheim","Meckesheim","Mecklenburg","Meddersheim","Medebach","Medlingen","Meeder","Meerane","Meerbeck","Meerbusch","Meerdorf","Meersburg","Mehlbach","Mehlingen","Mehlmeisel","Mehltheuer","Mehren","Mehrhoog","Mehring","Mehringen","Mehrstetten","Meiderich","Meinersen","Meinerzhagen","Meiningen","Meisenheim","Meissen","Meißenheim","Meitingen","Meitzendorf","Melbach","Melbeck","Melchow","Meldorf","Melle","Mellenbach-Glasbach","Mellingen","Mellinghausen","Mellrichstadt","Melsbach","Melsdorf","Melsungen","Memmelsdorf","Memmingen","Memmingerberg","Menden","Mendig","Mengen","Mengenich","Mengersgereuth-Hämmern","Mengerskirchen","Mengkofen","Menslage","Menteroda","Meppen","Merching","Merchweiler","Merdingen","Merenberg","Mering","Merkenbach","Merkendorf","Merklingen","Merseburg","Mertesdorf","Mertingen","Mertloch","Merxheim","Merzalben","Merzen","Merzhausen","Merzig","Meschede","Mesekenhagen","Mespelbrunn","Messel","Messingen","Meßkirch","Meßstetten","Metelen","Metten","Mettendorf","Mettenheim","Mettingen","Mettlach","Mettmann","Metzingen","Meudt","Meuselbach","Meuselwitz","Meyenburg","Michelau","Michelbach an der Bilz","Michelfeld","Michelsneukirchen","Michelstadt","Michendorf","Mickhausen","Midlum","Miehlen","Mielkendorf","Miesbach","Mieste","Mietingen","Mihla","Mildenau","Mildstedt","Milmersdorf","Miltach","Miltenberg","Milz","Mindelheim","Minden","Minfeld","Mintraching","Mirow","Missen-Wilhams","Mistelgau","Mitte","Mittegroßefehn","Mittelbiberach","Mitteleschenbach","Mittelherwigsdorf","Mittelhof","Mittelneufnach","Mittelschöntal","Mittelstetten","Mittenaar","Mittenwald","Mittenwalde","Mitterfels","Mitterskirchen","Mitterteich","Mittweida","Mitwitz","Mixdorf","Moabit","Mochau","Mockrehna","Moers","Mogendorf","Mohlsdorf","Mohrkirch","Moisburg","Molbergen","Molfsee","Molschleben","Mommenheim","Monheim","Monheim am Rhein","Monschau","Monsheim","Montabaur","Monzelfeld","Monzingen","Moorenweis","Moorrege","Moos","Moosach","Moosbach","Moosburg","Moosinning","Moosthenning","Morbach","Moringen","Moritzburg","Morsbach","Morsum","Mosbach","Motten","Möckern","Möckmühl","Mödingen","Mögglingen","Möglingen","Möhlau","Möhnesee","Möhrendorf","Möllenhagen","Mölln","Mömbris","Mömlingen","Mönchberg","Mönchengladbach","Mönchenholzhausen","Mönchhagen","Mönchsdeggingen","Mönchsroth","Mönchweiler","Mönkeberg","Mönsheim","Mörfelden-Walldorf","Mörlenbach","Möser","Mössingen","Möttingen","Mötzing","Mötzingen","Much","Mudau","Mudersbach","Muggensturm","Muhr am See","Mulda","Muldenstein","Mulfingen","Mundelsheim","Munderkingen","Munich","Munkbrarup","Munningen","Munster","Murg","Murnau am Staffelsee","Murr","Murrhardt","Muschwitz","Mutlangen","Mutterstadt","Mutzschen","Mücheln","Mücka","Müden","Mügeln","Müggelheim","Mühl Rosin","Mühlacker","Mühlanger","Mühlau","Mühlberg","Mühldorf","Mühlen Eichsen","Mühlenbach","Mühlhausen","Mühlhausen-Ehingen","Mühlheim am Bach","Mühlheim am Main","Mühlingen","Mühltroff","Mülheim","Mülheim-Kärlich","Müllheim","Müllrose","Mülsen","Münchberg","Müncheberg","Münchenbernsdorf","Münchhausen","Münchsmünster","Münchsteinach","Münchweiler an der Alsenz","Münchweiler an der Rodalbe","Münnerstadt","Münsing","Münsingen","Münster","Münster-Sarmsheim","Münsterdorf","Münsterhausen","Münstermaifeld","Münstertal/Schwarzwald","Münzenberg","Müschenbach","Mylau","Nabburg","Nachrodt-Wiblingwerde","Nachterstedt","Nackenheim","Nagel","Nagold","Nahe","Nahrendorf","Naila","Nalbach","Namborn","Nandlstadt","Nanzdietschweiler","Narsdorf","Nassau","Nastätten","Nattheim","Nauen","Nauendorf","Naumburg","Naundorf","Naunhof","Nauort","Nauroth","Nauwalde","Nebelschütz","Nebra","Neckarbischofsheim","Neckargemünd","Neckargerach","Neckarsteinach","Neckarsulm","Neckartailfingen","Neckartenzlingen","Neckarwestheim","Neckarzimmern","Negernbötel","Nehren","Neidenstein","Neidlingen","Neinstedt","Nellingen","Nennhausen","Nennslingen","Nentershausen","Nerchau","Neresheim","Nersingen","Neschwitz","Nessa","Nesselwang","Netphen","Nettersheim","Nettetal","Netzschkau","Neu Darchau","Neu Isenburg","Neu Kaliß","Neu Wulmstorf","Neu Zauche","Neu-Anspach","Neu-Hohenschönhausen","Neu-Pattern","Neu-Ulm","Neualbenreuth","Neuberend","Neubeuern","Neubiberg","Neubörger","Neubrandenburg","Neubrunn","Neubrück","Neubukow","Neubulach","Neuburg","Neuburg an der Donau","Neudenau","Neudietendorf","Neudorf-Bornstein","Neudrossenfeld","Neue Neustadt","Neuehrenfeld","Neuenburg am Rhein","Neuenbürg","Neuendettelsau","Neuenhagen","Neuenkirchen","Neuenmarkt","Neuenrade","Neuensalz","Neuenstadt am Kocher","Neuenstein","Neuental","Neuerburg","Neufahrn","Neufahrn bei Freising","Neuffen","Neufra","Neufraunhofen","Neugersdorf","Neuhardenberg","Neuharlingersiel","Neuhaus","Neuhaus am Inn","Neuhaus am Rennweg","Neuhaus an der Oste","Neuhaus an der Pegnitz","Neuhaus-Schierschnitz","Neuhäusel","Neuhausen","Neuhausen auf den Fildern","Neuhof","Neuhof an der Zenn","Neuhofen","Neuhütten","Neukalen","Neukamperfehn","Neukieritzsch","Neukirch","Neukirch/Lausitz","Neukirchen","Neukirchen-Balbini","Neukloster","Neukölln","Neuler","Neulewin","Neulußheim","Neumagen-Dhron","Neumark","Neumarkt in der Oberpfalz","Neumarkt-Sankt Veit","Neumühle","Neumünster","Neunburg vorm Wald","Neundorf","Neunkhausen","Neunkirchen","Neunkirchen am Brand","Neunkirchen am Main","Neunkirchen am Sand","Neuötting","Neupotz","Neureichenau","Neuried","Neuruppin","Neusalza-Spremberg","Neuschönau","Neusitz","Neusorg","Neuss","Neustadt","Neustadt (Hessen)","Neustadt am Main","Neustadt am Rennsteig","Neustadt am Rübenberge","Neustadt an der Aisch","Neustadt an der Donau","Neustadt an der Orla","Neustadt an der Waldnaab","Neustadt bei Coburg","Neustadt in Holstein","Neustadt in Sachsen","Neustadt Vogtland","Neustadt-Glewe","Neustadt/Nord","Neustadt/Süd","Neustrelitz","Neutraubling","Neutrebbin","Neuweiler","Neuwied","Neuwittenbek","Neuzelle","Neverin","Newel","Nickenich","Nidda","Nidderau","Nideggen","Niebüll","Niedenstein","Nieder-Gründau","Nieder-Ingelheim","Nieder-Olm","Niederaichbach","Niederalteich","Niederau","Niederaula","Niederbergkirchen","Niederbiel","Niederbreitbach","Niedercunnersdorf","Niederdorf","Niederdorfelden","Niederdorla","Niederdreisbach","Niederdürenbach","Niederelbert","Niedererbach","Niedereschach","Niederfell","Niederfischbach","Niederfrohna","Niederfüllbach","Niedergörsdorf","Niederkassel","Niederkirchen","Niederkirchen bei Deidesheim","Niederklein","Niederkrüchten","Niederlangen","Niederlauer","Niedermerz","Niedermohr","Niedermurach","Niedernberg","Niederndodeleben","Niederneisen","Niedernhall","Niedernhausen","Niedernwöhren","Niederorschel","Niederrad","Niederrieden","Niederroßla","Niedersachswerfen","Niederschöna","Niederschönenfeld","Niederschöneweide","Niederschönhausen","Niederstetten","Niederstotzingen","Niederstriegis","Niedertaufkirchen","Niederviehbach","Niederwangen","Niederwerrn","Niederwerth","Niederwiesa","Niederwinkling","Niederzier","Niederzimmern","Niederzissen","Niefern-Öschelbronn","Nieheim","Niemberg","Niemegk","Nienburg","Nienburg/Saale","Nienhagen","Nienstädt","Niepars","Nierstein","Niesky","Nikolassee","Nindorf","Nippes","Nister","Nittel","Nittenau","Nittendorf","Nobitz","Nohfelden","Nohra","Nonnenhorn","Nonnweiler","Norddeich","Norden","Nordendorf","Nordenham","Norderney","Norderstedt","Nordhalben","Nordhastedt","Nordhausen","Nordheim","Nordholz","Nordhorn","Nordkirchen","Nordleda","Nordrach","Nordstemmen","Nordwalde","Norheim","Northeim","Nortmoor","Nortorf","Nortrup","Nossen","Nostorf","Nottensdorf","Nottuln","Notzingen","Nöbdenitz","Nördlingen","Nörten-Hardenberg","Nörtershausen","Nörvenich","Nudersdorf","Nufringen","Nußdorf","Nußdorf am Inn","Nusse","Nußloch","Nübbel","Nüdlingen","Nümbrecht","Nünchritz","Nürnberg","Nürtingen","Nützen","Ober-Flörsheim","Ober-Mörlen","Ober-Olm","Ober-Ramstadt","Ober-Saulheim","Oberammergau","Oberasbach","Oberaudorf","Oberaula","Oberbergkirchen","Oberbiel","Oberboihingen","Obercunnersdorf","Oberdachstetten","Oberderdingen","Oberding","Oberdischingen","Oberdorla","Oberelbert","Oberelsbach","Oberfell","Obergriesbach","Obergurig","Obergünzburg","Oberhaching","Oberhaid","Oberharmersbach","Oberhausen","Oberhausen-Rheinhausen","Oberhof","Oberjettingen","Oberkirch","Oberkochen","Oberkotzau","Oberleichtersbach","Oberlichtenau","Oberlungwitz","Obermarchtal","Obermaßfeld-Grimmenthal","Obermehler","Obermeitingen","Obermichelbach","Obermoschel","Obernbeck","Obernbreit","Obernburg am Main","Oberndorf","Obernfeld","Obernheim","Obernheim-Kirchenarnbach","Obernkirchen","Obernzell","Obernzenn","Oberostendorf","Oberotterbach","Oberottmarshausen","Oberpframmern","Oberpleichfeld","Oberpöring","Oberreichenbach","Oberreute","Oberried","Oberrieden","Oberriexingen","Oberrot","Oberrotweil","Oberröblingen","Oberscheinfeld","Oberschleißheim","Oberschneiding","Oberschöna","Oberschöneweide","Oberschwarzach","Oberschweinbach","Obersinn","Obersontheim","Obersöchering","Oberstadion","Oberstaufen","Oberstdorf","Oberstenfeld","Oberstreu","Obersüßbach","Obertaufkirchen","Oberteuringen","Oberthal","Oberthulba","Obertraubling","Obertrubach","Obertshausen","Oberursel","Oberviechtach","Oberweißbach","Oberwesel","Oberwiera","Oberwolfach","Oberzissen","Obhausen","Obing","Obrigheim","Ochsenfurt","Ochsenhausen","Ochtendung","Ochtrup","Ockenfels","Ockenheim","Odelzhausen","Odenthal","Oderberg","Odernheim","Oebisfelde","Oederan","Oederquart","Oedheim","Oelde","Oelixdorf","Oelsnitz","Oer-Erkenschwick","Oerel","Oerlenbach","Oerlinghausen","Oettingen in Bayern","Oeversee","Offenau","Offenbach","Offenbach an der Queich","Offenbach-Hundheim","Offenberg","Offenburg","Offenhausen","Offingen","Offstein","Ofterdingen","Ofterschwang","Oftersheim","Ohlsbach","Ohlsdorf","Ohlstadt","Ohmden","Ohorn","Olbernhau","Olbersdorf","Olching","Oldenburg","Oldenburg in Holstein","Oldendorf","Oldenswort","Oldisleben","Olfen","Olpe","Olsberg","Olsbrücken","Opfenbach","Opladen","Oppach","Oppenau","Oppenheim","Oppenweiler","Oppin","Oppurg","Oranienbaum","Oranienburg","Orenhofen","Orlamünde","Ornbau","Orscholz","Orsingen-Nenzingen","Ortenberg","Ortenburg","Ortrand","Osann-Monzel","Osburg","Oschatz","Oschersleben","Osdorf","Osloß","Osnabrück","Ossendorf","Oßling","Oßmanstedt","Ostbevern","Osteel","Ostelsheim","Osten","Ostenfeld","Osterburg","Osterburken","Ostercappeln","Osterfeld","Osterhausen","Osterhofen","Osterholz-Scharmbeck","Osternienburg","Osternienburger Land","Osterode am Harz","Osterrönfeld","Osterspai","Osterwieck","Ostfildern","Ostheim","Ostheim vor der Rhön","Osthofen","Ostrach","Ostrau","Ostrhauderfehn","Ostritz","Ostseebad Binz","Ostseebad Boltenhagen","Ostseebad Dierhagen","Ostseebad Göhren","Ostseebad Kühlungsborn","Ostseebad Prerow","Ostseebad Sellin","Ostseebad Zinnowitz","Oststeinbek","Ottenbach","Ottendorf-Okrilla","Ottenhofen","Ottensen","Ottensoos","Ottenstein","Otter","Otterbach","Otterberg","Otterfing","Otterndorf","Ottersberg","Ottersheim","Otterstadt","Ottersweier","Otterwisch","Ottobeuren","Ottobrunn","Ottrau","Ottweiler","Otzing","Ovelgönne","Overath","Owen","Owingen","Owschlag","Oy-Mittelberg","Oyten","Öhningen","Öhringen","Ölbronn-Dürrn","Öpfingen","Östringen","Ötigheim","Ötisheim","Ötzingen","Padenstedt","Paderborn","Pähl","Pahlen","Painten","Palling","Palzem","Pampow","Panker","Pankow","Panschwitz-Kuckau","Papenburg","Papendorf","Pappenheim","Parchim","Parkstein","Parkstetten","Parsau","Parsberg","Partenheim","Partenstein","Pasewalk","Pasing","Passau","Pastetten","Patersdorf","Pattensen","Paulinenaue","Paulsstadt","Paunzhausen","Pausa","Pechbrunn","Pegau","Pegnitz","Peine","Peißen","Peißenberg","Peiting","Peitz","Pellingen","Pellworm","Pelm","Pemfling","Penig","Penkun","Pennigsehl","Pentling","Penzberg","Penzing","Penzlin","Perach","Perkam","Perleberg","Perlesreut","Petersaurach","Petersdorf","Petershagen","Petershausen","Pettendorf","Petting","Pettstadt","Pfaffen-Schwabenheim","Pfaffenhausen","Pfaffenhofen","Pfaffenhofen an der Ilm","Pfaffenhofen an der Roth","Pfaffenweiler","Pfaffing","Pfaffroda","Pfakofen","Pfalzgrafenweiler","Pfarrkirchen","Pfarrweisach","Pfatter","Pfedelbach","Pfeffelbach","Pfeffenhausen","Pfofeld","Pforzen","Pforzheim","Pfreimd","Pfronstetten","Pfronten","Pfullendorf","Pfullingen","Pfungstadt","Philippsburg","Philippsthal","Piding","Pielenhofen","Piesport","Piesteritz","Pilsach","Pilsting","Pinneberg","Pinnow","Pinzberg","Pirk","Pirmasens","Pirna","Pittenhart","Plaidt","Planegg","Plankstadt","Plänterwald","Plate","Plattenburg","Plattling","Plau am See","Plaue","Plauen","Pleidelsheim","Pleinfeld","Pleiskirchen","Plessa","Plettenberg","Pleystein","Pliening","Pliezhausen","Plochingen","Plön","Plößberg","Plötzkau","Plötzky","Pluwig","Plüderhausen","Pobershau","Pockau","Pocking","Podelzig","Poing","Polch","Poll","Polle","Polleben","Pollhagen","Polling","Polsingen","Pommelsbrunn","Pommersfelden","Ponitz","Poppenbüttel","Poppenhausen","Poppenricht","Porschdorf","Porta Westfalica","Porz am Rhein","Poseritz","Postau","Postbauer-Heng","Postmünster","Potsdam","Pottenstein","Pottum","Pouch","Poxdorf","Pöhl","Pöhla","Pölitz","Pölzig","Pörnbach","Pößneck","Pöttmes","Pracht","Prackenbach","Pratau","Prebitz","Preetz","Premnitz","Prenzlau","Prenzlauer Berg","Pressath","Presseck","Pressig","Prettin","Pretzfeld","Pretzier","Pretzsch","Pretzschendorf","Preußisch Oldendorf","Prichsenstadt","Prien am Chiemsee","Priesendorf","Priestewitz","Prisdorf","Prittitz","Prittriching","Pritzwalk","Probsteierhagen","Probstzella","Prohn","Pronstorf","Prosselsheim","Prötzel","Prutting","Prüm","Puchheim","Puderbach","Pulheim","Pullach im Isartal","Pullenreuth","Puschendorf","Puschwitz","Putbus","Putlitz","Putzbrunn","Püchersreuth","Pürgen","Püttlingen","Pyrbaum","Quakenbrück","Quarnbek","Quedlinburg","Queidersbach","Queis","Quellendorf","Querfurt","Quern","Quickborn","Quierschied","Quitzdorf","Raben Steinfeld","Rabenau","Räckelwitz","Rackwitz","Radbruch","Raddestorf","Radeberg","Radebeul","Radeburg","Radegast","Radevormwald","Radibor","Radis","Radolfzell","Raesfeld","Raguhn","Rahden","Rahnsdorf","Rain","Raisdorf","Raisting","Raitenbuch","Ralingen","Ramberg","Rambin","Ramerberg","Rammelsbach","Rammenau","Rammingen","Ramsau","Ramsen","Ramsin","Ramstein-Miesenbach","Ramsthal","Randersacker","Rangendingen","Rangsdorf","Ranis","Rannungen","Ransbach-Baumbach","Ranstadt","Rantrum","Raschau","Rasdorf","Raßnitz","Rastatt","Rastede","Rastenberg","Rastow","Ratekau","Rath","Rathenow","Rathmannsdorf","Ratingen","Rattelsdorf","Rattenberg","Rattiszell","Ratzeburg","Raubach","Raubling","Rauen","Rauenberg","Raunheim","Rauschenberg","Ravensburg","Rechberghausen","Rechenberg-Bienenmühle","Rechlin","Rechtenbach","Rechtmehring","Rechtsupweg","Recke","Recklinghausen","Rednitzhembach","Redwitz an der Rodach","Rees","Reeßum","Regen","Regensburg","Regenstauf","Regesbostel","Regierungsbezirk Arnsberg","Regierungsbezirk Darmstadt","Regierungsbezirk Detmold","Regierungsbezirk Gießen","Regierungsbezirk Kassel","Regierungsbezirk Köln","Regierungsbezirk Mittelfranken","Regierungsbezirk Münster","Regierungsbezirk Stuttgart","Regierungsbezirk Unterfranken","Regis-Breitingen","Regnitzlosau","Rehau","Rehburg-Loccum","Rehden","Rehe","Rehfelde","Rehling","Rehna","Reichardtswerben","Reichartshausen","Reichelsheim","Reichenau","Reichenbach","Reichenbach an der Fils","Reichenbach-Steegen","Reichenbach/Vogtland","Reichenberg","Reichenschwand","Reichenwalde","Reichersbeuern","Reichertshausen","Reichertsheim","Reichertshofen","Reichling","Reil","Reilingen","Reimlingen","Reinbek","Reinberg","Reinfeld","Reinhardshausen","Reinhardtsgrimma","Reinhausen","Reinheim","Reinickendorf","Reinsberg","Reinsdorf","Reinsfeld","Reinstorf","Reisbach","Reischach","Reiskirchen","Reit im Winkl","Rellingen","Remagen","Remlingen","Remptendorf","Remscheid","Remse","Renchen","Rendsburg","Rengsdorf","Rennerod","Rennertshofen","Renningen","Rentweinsdorf","Reppenstedt","Retgendorf","Rethem","Rethen","Retschow","Rettenbach","Rettenberg","Retzstadt","Reußen","Reut","Reuth","Reutlingen","Rhade","Rhaunen","Rheda-Wiedenbrück","Rhede","Rheden","Rheinau","Rheinbach","Rheinberg","Rheinböllen","Rheinbreitbach","Rheinbrohl","Rheine","Rheinfelden","Rheinsberg","Rheinstetten","Rheinzabern","Rhens","Rheurdt","Rhinow","Rhodt unter Rietburg","Rhumspringe","Ribbesbüttel","Ribnitz-Damgarten","Richtenberg","Rickenbach","Rickert","Rickling","Ried","Riede","Rieden","Rieden an der Kötz","Riedenberg","Riedenburg","Rieder","Riederich","Riedering","Riedlingen","Riedstadt","Riegel","Riegelsberg","Riegsee","Riehl","Rielasingen-Worblingen","Rieneck","Riepsdorf","Riesa","Rieschweiler-Mühlbach","Rieseby","Rieste","Riestedt","Rietberg","Rietheim-Weilheim","Riethnordhausen","Rietschen","Rietz Neuendorf","Rimbach","Rimpar","Rimschweiler","Rimsting","Rinchnach","Ringelai","Ringleben","Ringsheim","Rinteln","Riol","Risum-Lindholm","Ritterhude","Rittersdorf","Rittersgrün","Rochlitz","Rockenberg","Rockenhausen","Rodalben","Roden","Rodenbach","Rodenberg","Rodewisch","Rodgau","Roding","Rodleben","Roetgen","Rogätz","Roggenburg","Roggendorf","Roggentin","Rohr","Rohrbach","Rohrdorf","Rohrenfels","Roigheim","Roitzsch","Rommerskirchen","Romrod","Ronneburg","Ronnenberg","Ronsberg","Ronshausen","Rosbach vor der Höhe","Rosche","Rosdorf","Rosenberg","Rosenfeld","Rosenheim","Rosenow","Rosenthal","Rositz","Roskow","Rossau","Rossbach","Roßdorf","Roßhaupten","Roßla","Roßlau","Roßleben","Roßtal","Roßwein","Rostock","Rot","Rot am See","Rotenburg","Rotenburg an der Fulda","Roth","Rothenberg","Rothenbuch","Rothenburg","Rothenburg ob der Tauber","Rothenburgsort","Rothenfels","Rothenstein","Rott","Rottach-Egern","Rottenacker","Rottenbach","Rottenbuch","Rottenburg","Rottenburg an der Laaber","Rottendorf","Rotthalmünster","Rottleberode","Rottweil","Roxheim","Röbel","Röblingen am See","Röchling-Höhe","Rödelsee","Rödental","Rödersheim-Gronau","Rödinghausen","Röfingen","Röhrmoos","Röhrnbach","Röhrsen","Röllbach","Römhild","Röslau","Rösrath","Rötgesbüttel","Rötha","Röthenbach","Röthenbach an der Pegnitz","Röthlein","Röttenbach","Röttingen","Rötz","Rövershagen","Rudelzhausen","Ruderatshofen","Rudersberg","Ruderting","Rudolstadt","Rudow","Rugendorf","Ruhla","Ruhland","Ruhmannsfelden","Ruhpolding","Ruhstorf","Ruhwinkel","Rullstorf","Rummelsburg","Runding","Runkel","Ruppach-Goldhausen","Ruppertsberg","Ruppertshofen","Ruppertsweiler","Ruppichteroth","Rust","Rutesheim","Rübeland","Rückersdorf","Rüdesheim","Rüdesheim am Rhein","Rüdnitz","Rügland","Rühen","Rülzheim","Rümmelsheim","Rümmingen","Rümpel","Rüsselsheim","Rüthen","Saal","Saal an der Saale","Saalfeld","Saara","Saarbrücken","Saarburg","Saarhölzbach","Saarlouis","Saarwellingen","Sachsen","Sachsenhagen","Sachsenhausen","Sachsenheim","Sachsenkam","Saerbeck","Saffig","Sagard","Sailauf","Salach","Salching","Saldenburg","Salem","Salgen","Sallgast","Salmtal","Salz","Salzbergen","Salzgitter","Salzhausen","Salzhemmendorf","Salzkotten","Salzmünde","Salzwedel","Salzweg","Samerberg","Samswegen","Samtens","Sand","Sandau","Sandberg","Sande","Sandersdorf","Sandersleben","Sandesneben","Sandhausen","Sandstedt","Sangerhausen","Sankelmark","Sankt Andreasberg","Sankt Augustin","Sankt Blasien","Sankt Egidien","Sankt Englmar","Sankt Gangloff","Sankt Georgen im Schwarzwald","Sankt Goar","Sankt Goarshausen","Sankt Ingbert","Sankt Johann","Sankt Julian","Sankt Katharinen","Sankt Kilian","Sankt Leon-Rot","Sankt Leonhard am Wonneberg","Sankt Margarethen","Sankt Märgen","Sankt Martin","Sankt Michaelisdonn","Sankt Peter","Sankt Peter-Ording","Sankt Sebastian","Sankt Wendel","Sankt Wolfgang","Sarstedt","Sasbach","Sasbachwalden","Sasel","Sassenberg","Sassenburg","Saßnitz","Satow-Oberhagen","Satrup","Satteldorf","Sauensiek","Sauerlach","Sauldorf","Saulgau","Saulgrub","Sayda","Schaafheim","Schaalby","Schacht-Audorf","Schafflund","Schafstädt","Schäftlarn","Schalkau","Schalksmühle","Schallstadt","Schapen","Scharbeutz","Scharfenstein","Scharnebeck","Schashagen","Schauenstein","Schaufling","Schechen","Schechingen","Scheden","Scheer","Scheeßel","Scheibenberg","Scheidegg","Scheinfeld","Schelfstadt","Schelklingen","Schellerten","Schellhorn","Schenefeld","Schenkendöbern","Schenkenzell","Schenklengsfeld","Schermbeck","Schermen","Schernberg","Scherstetten","Scheßlitz","Scheuerfeld","Scheuring","Scheyern","Schieder-Schwalenberg","Schierling","Schiffdorf","Schifferstadt","Schiffweiler","Schildau","Schillig","Schillingen","Schillingsfürst","Schiltach","Schiltberg","Schipkau","Schirgiswalde","Schirmitz","Schirnding","Schkeuditz","Schkopau","Schkölen","Schladen","Schlagsdorf","Schlaitdorf","Schlaitz","Schlangen","Schlangenbad","Schlat","Schleching","Schlegel","Schlehdorf","Schleid","Schleiden","Schleife","Schleiz","Schleswig","Schlettau","Schleusingen","Schlieben","Schliengen","Schlier","Schlierbach","Schliersee","Schlitz","Schloßvippach","Schlotheim","Schluchsee","Schlüchtern","Schlüsselfeld","Schmalfeld","Schmalkalden","Schmallenberg","Schmargendorf","Schmelz","Schmidgaden","Schmidmühlen","Schmiechen","Schmiedeberg","Schmiedefeld","Schmiedefeld am Rennsteig","Schmitten","Schmöckwitz","Schmölln","Schnaitsee","Schnaittach","Schnaittenbach","Schneckenlohe","Schneeberg","Schnega","Schneidlingen","Schneizlreuth","Schnelldorf","Schneverdingen","Schnürpflingen","Schobüll","Schochwitz","Schonach im Schwarzwald","Schondorf am Ammersee","Schondra","Schongau","Schonstett","Schonungen","Schopfheim","Schopfloch","Schopp","Schorndorf","Schornsheim","Schortens","Schotten","Schöffengrund","Schöfweg","Schöllkrippen","Schöllnach","Schömberg","Schönaich","Schönau","Schönau am Königssee","Schönau im Schwarzwald","Schönau-Berzdorf","Schönbach","Schönberg","Schönborn","Schönburg","Schönebeck","Schöneberg","Schöneck","Schönecken","Schönefeld","Schöneiche","Schönenberg-Kübelberg","Schönewalde","Schönfeld","Schöngeising","Schönhausen","Schönheide","Schöningen","Schönkirchen","Schönsee","Schönstedt","Schönthal","Schönwald","Schönwalde am Bungsberg","Schöppenstedt","Schöppingen","Schramberg","Schraplau","Schrecksbach","Schriesheim","Schrobenhausen","Schrozberg","Schuby","Schulzendorf","Schuttertal","Schutterwald","Schülp","Schüttorf","Schwaan","Schwabach","Schwabenheim","Schwabhausen","Schwäbisch Gmünd","Schwäbisch Hall","Schwabmünchen","Schwabsoien","Schwabstedt","Schwaförden","Schwaig","Schwaigern","Schwaikheim","Schwalbach","Schwalbach am Taunus","Schwallungen","Schwalmstadt","Schwalmtal","Schwanau","Schwandorf in Bayern","Schwanebeck","Schwanewede","Schwanfeld","Schwangau","Schwarme","Schwarmstedt","Schwarza","Schwarzach","Schwarzenbach","Schwarzenbach an der Saale","Schwarzenbek","Schwarzenberg","Schwarzenborn","Schwarzenbruck","Schwarzenfeld","Schwarzheide","Schwarzhofen","Schwebheim","Schwedelbach","Schwedt (Oder)","Schwegenheim","Schweich","Schweigen-Rechtenbach","Schweina","Schweinfurt","Schweitenkirchen","Schwelm","Schwendi","Schwenningen","Schwepnitz","Schwerin","Schwerte","Schwetzingen","Schwieberdingen","Schwindegg","Schwörstadt","Sebnitz","Seck","Seckach","Seebach","Seebad Bansin","Seebad Heringsdorf","Seebergen","Seeburg","Seedorf","Seefeld","Seeg","Seehausen","Seehausen am Staffelsee","Seeheilbad Graal-Müritz","Seeheim-Jugenheim","Seehof","Seelbach","Seelingstädt","Seelitz","Seelow","Seelze","Seeon-Seebruck","Seesen","Seeshaupt","Seevetal","Seggebruch","Sehlde","Sehlem","Sehlen","Sehnde","Seibersbach","Seiffen","Seifhennersdorf","Seinsheim","Seitingen-Oberflacht","Selb","Selbitz","Selent","Seligenstadt","Sellin","Selm","Selmsdorf","Selsingen","Selters","Selzen","Sembach","Senden","Sendenhorst","Senftenberg","Sengenthal","Sennewitz","Sennfeld","Serrig","Sersheim","Seßlach","Seth","Seubersdorf","Seukendorf","Seulingen","Sexau","Seybothenreuth","Seyda","Sibbesse","Sickenhausen","Sickte","Siebeldingen","Siedenburg","Siefersheim","Siegburg","Siegelsbach","Siegen","Siegenburg","Siegsdorf","Siek","Sielenbach","Siemensstadt","Sierksdorf","Siersdorf","Siershahn","Siersleben","Sievershütten","Sieverstedt","Siggelkow","Sigmaringen","Sigmaringendorf","Sigmarszell","Silberstedt","Sillenstede","Simbach","Simbach am Inn","Simmelsdorf","Simmerath","Simmern","Simmersfeld","Simmertal","Simmozheim","Sindelfingen","Sindelsdorf","Singen","Singhofen","Sinn","Sinnersdorf","Sinsheim","Sinzheim","Sinzig","Sinzing","Sippersfeld","Sipplingen","Sittensen","Sitzendorf","Soderstorf","Soest","Sohland","Sohland am Rotstein","Sohren","Solingen","Sollstedt","Solms","Solnhofen","Soltau","Soltendieck","Sommerach","Sommerhausen","Sommerkahl","Sommersdorf","Sondershausen","Sondheim vor der Rhön","Sonneberg","Sonneborn","Sonnefeld","Sonnen","Sonnewalde","Sonsbeck","Sontheim","Sontheim an der Brenz","Sonthofen","Sontra","Sosa","Sottrum","Soyen","Söchtenau","Södel","Sögel","Söhlde","Sölden","Sömmerda","Sörgenloch","Sörup","Spabrücken","Spaichingen","Spalt","Spandau","Spangenberg","Spardorf","Sparneck","Spay","Spechbach","Speicher","Speichersdorf","Speinshart","Spelle","Spenge","Sperenberg","Spergau","Speyer","Spiegelau","Spiegelberg","Spiesen-Elversberg","Spiesheim","Spornitz","Spraitbach","Sprakensehl","Spreenhagen","Sprendlingen","Springe","Sprockhövel","St. Georg","St. Pauli","Staaken","Stäbelow","Stade","Stadecken-Elsheim","Stadelhofen","Stadensen","Stadt Wehlen","Stadtallendorf","Stadtbergen","Stadthagen","Stadtilm","Stadtkyll","Stadtlauringen","Stadtlengsfeld","Stadtlohn","Stadtoldendorf","Stadtprozelten","Stadtrandsiedlung Malchow","Stadtroda","Stadtsteinach","Stadum","Stahnsdorf","Staig","Stallwang","Stammbach","Stammham","Stamsried","Stapelburg","Stapelfeld","Starnberg","Staßfurt","Stauchitz","Staudach-Egerndach","Staudernheim","Staufen","Staufenberg","Stedesdorf","Stedten","Steeden","Stegaurach","Stegen","Steglitz","Steilshoop","Steimbke","Steimel","Stein","Steina","Steinach","Steinau an der Straße","Steinbach","Steinbach am Taunus","Steinbach-Hallenberg","Steinberg","Steinbergkirche","Steinen","Steinenbronn","Steinfeld","Steinfurt","Steingaden","Steinhagen","Steinheid","Steinheim","Steinheim am Albuch","Steinheim am der Murr","Steinhorst","Steinhöfel","Steinhöring","Steinigtwolmsdorf","Steinkirchen","Steinmauern","Steinsfeld","Steinweiler","Steinwenden","Steinwiesen","Steißlingen","Stelle","Stellingen","Stelzenberg","Stendal","Stephanskirchen","Stephansposching","Sternberg","Sternenfels","Sterup","Stetten","Stetten am Kalten Markt","Stettfeld","Steyerberg","Stiefenhofen","Stimpfach","Stockach","Stockelsdorf","Stockheim","Stockstadt am Main","Stockstadt am Rhein","Stolberg","Stollberg","Stolpe","Stolpen","Stolzenau","Storkow","Stoßdorf","Stöckse","Stödtlen","Störnstein","Stößen","Stötten am Auerberg","Stöttwang","Straelen","Stralendorf","Stralsund","Strande","Strasburg","Straßberg","Straßkirchen","Straßlach-Dingharting","Straubing","Straupitz","Strausberg","Straußfurt","Strehla","Stromberg","Ströbeck","Strullendorf","Struppen","Struvenhütten","Stubenberg","Stuhr","Stulln","Stuttgart","Stuttgart Feuerbach","Stuttgart Mühlhausen","Stuttgart-Ost","Stühlingen","Stützengrün","Stützerbach","Suddendorf","Suderburg","Sudwalde","Sugenheim","Suhl","Suhlendorf","Sukow","Sulingen","Sulz am Neckar","Sulzbach","Sulzbach am Main","Sulzbach an der Murr","Sulzbach-Rosenberg","Sulzberg","Sulzburg","Sulzdorf","Sulzemoos","Sulzfeld","Sulzfeld am Main","Sulzheim","Sundern","Surberg","Surwold","Sustrum","Süderbrarup","Südergellersen","Süderlügum","Süderstapel","Südlohn","Sülfeld","Sülstorf","Sünching","Süplingen","Süpplingen","Süsel","Süßen","Süstedt","Swabia","Syke","Sylt-Ost","Syrau","Tabarz","Tacherting","Taching am See","Täferrot","Tagmersheim","Talheim","Tambach-Dietharz","Tamm","Tangerhütte","Tangermünde","Tangstedt","Tann","Tanna","Tannenberg","Tannenbergsthal","Tännesberg","Tannhausen","Tannheim","Tapfheim","Tappenbeck","Tarmstedt","Tarnow","Tarp","Tating","Tauberbischofsheim","Taucha","Tauche","Taufkirchen","Taunusstein","Taura","Tauscha","Tautenhain","Tawern","Tecklenburg","Tegel","Tegernheim","Tegernsee","Teicha","Teichwolframsdorf","Teisendorf","Teising","Teisnach","Teistungen","Telgte","Tellingstedt","Teltow","Tempelhof","Templin","Tengen","Teningen","Tennenbronn","Tespe","Tessin","Teterow","Tettau","Tettenweis","Tettnang","Teublitz","Teuchel","Teuchern","Teugn","Teunz","Teupitz","Teuschnitz","Teutschenthal","Thal","Thale","Thaleischweiler-Fröschen","Thalfang","Thalheim","Thallwitz","Thalmassing","Thannhausen","Thanstein","Tharandt","Thedinghausen","Theilheim","Theisseil","Theißen","Themar","Theuma","Thiendorf","Thierhaupten","Thiersheim","Thierstein","Tholey","Thomasburg","Thomm","Thuine","Thum","Thundorf in Unterfranken","Thurmansbang","Thurnau","Thüngen","Thüngersheim","Thür","Thyrnau","Tiddische","Tiefenbach","Tiefenbronn","Tiefenort","Tiergarten","Timmaspe","Timmendorfer Strand","Timmenrode","Tinnum","Tirpersdorf","Tirschenreuth","Titisee-Neustadt","Tittling","Tittmoning","Titz","Todenbüttel","Todendorf","Todesfelde","Todtenweis","Todtmoos","Todtnau","Tolk","Tollwitz","Toppenstedt","Torgau","Torgelow","Tornesch","Tostedt","Töging am Inn","Tönisvorst","Tönning","Töpen","Traben-Trarbach","Trabitz","Train","Traitsching","Trappenkamp","Trappstadt","Trassem","Traunreut","Traunstein","Trausnitz","Trautskirchen","Travemünde","Trebbin","Trebendorf","Trebgast","Trebitz","Trebsen","Trebur","Trechtingshausen","Treffelstein","Treffurt","Treia","Treis-Karden","Tremsbüttel","Trendelburg","Treuchtlingen","Treuen","Treuenbrietzen","Triberg","Tribsees","Triebel","Triebes","Trier","Trierweiler","Triftern","Trinwillershagen","Trippstadt","Triptis","Trittau","Trittenheim","Trochtelfingen","Trogen","Troisdorf","Trollenhagen","Trossin","Trossingen","Trostberg an der Alz","Tröstau","Trulben","Trunkelsberg","Trusetal","Tschernitz","Tucheim","Tuchenbach","Tuningen","Tuntenhausen","Tussenhausen","Tutow","Tuttlingen","Tutzing","Tübingen","Tübingen Region","Tülau","Türkenfeld","Türkheim","Türnich","Tüßling","Tüttendorf","Twistringen","Tyrlaching","Ubstadt-Weiher","Uchte","Uchtspringe","Udenhausen","Udenheim","Uder","Uebigau","Ueckermünde","Uedem","Uehlfeld","Uehrde","Uelsen","Uelversheim","Uelzen","Uenglingen","Uetersen","Uettingen","Uetze","Uffenheim","Uffing","Uftrungen","Uhingen","Uhldingen-Mühlhofen","Uhyst","Uichteritz","Ulm","Ulmen","Ulrichstein","Umkirch","Ummendorf","Ummern","Undenheim","Ungerhausen","Unkel","Unlingen","Unna","Unnau","Unseburg","Unter-Abtsteinach","Unterammergau","Unterbreizbach","Unterdießen","Unterdietfurt","Unteregg","Untereisesheim","Unterensingen","Unterföhring","Untergriesbach","Untergruppenbach","Unterhaching","Unterhausen","Unterjettingen","Unterkirnach","Unterkrozingen","Unterleinleiter","Unterlüß","Untermaßfeld","Untermeitingen","Untermerzbach","Untermünkheim","Unterneukirchen","Unterpleichfeld","Unterreichenbach","Unterreit","Unterschleißheim","Unterschneidheim","Untersiemau","Untersteinach","Unterthingau","Unterwellenborn","Unterwössen","Untrasried","Upgant-Schott","Upper Bavaria","Upper Franconia","Upper Palatinate","Urbach","Urbach-Überdorf","Urbar","Urmitz","Ursberg","Ursensollen","Urspringen","Usedom","Usingen","Uslar","Ustersbach","Uthleben","Uthlede","Uttenreuth","Uttenweiler","Utting am Ammersee","Übach-Palenberg","Überherrn","Überlingen","Übersee","Üchtelhausen","Üdersdorf","Ühlingen-Birkendorf","Üxheim","Vaale","Vacha","Vachendorf","Vagen","Vaihingen an der Enz","Vallendar","Valley","Varel","Varrel","Vaterstetten","Vechelde","Vechta","Veckenstedt","Vegesack","Veilsdorf","Veitsbronn","Veitshöchheim","Velbert","Velburg","Velden","Velen","Velgast","Vellberg","Vellmar","Velpke","Velten","Veltheim","Venusberg","Verden","Veringenstadt","Verl","Versmold","Vestenbergsgreuth","Vetschau","Vettelschoß","Vettweiß","Viechtach","Vienenburg","Viereck","Viereth-Trunstadt","Vierkirchen","Viernau","Viernheim","Viersen","Vilgertshofen","Villenbach","Villingen-Schwenningen","Villingendorf","Villmar","Vilsbiburg","Vilseck","Vilsheim","Vilshofen","Vinningen","Viöl","Visbek","Visselhövede","Vlotho","Vockerode","Voerde","Vogt","Vogtareuth","Vogtsburg","Vohburg an der Donau","Vohenstrauß","Voigtstedt","Volkach","Volkenschwand","Volkertshausen","Volkmarsen","Volkstedt","Vollersode","Voltlage","Volxheim","Vorbach","Vordorf","Vorra","Vorwerk","Vögelsen","Vöhl","Vöhrenbach","Vöhringen","Völkershausen","Völklingen","Völpke","Vörstetten","Vreden","Vrees","Waabs","Waake","Waakirchen","Waal","Wabern","Wachau","Wachenheim","Wachenroth","Wachtberg","Wachtendonk","Wächtersbach","Wacken","Wackernheim","Wackerow","Wackersberg","Wackersdorf","Wadern","Wadersloh","Wadgassen","Waffenbrunn","Wagenfeld","Wagenhoff","Waghäusel","Waging am See","Wahlitz","Wahlstedt","Wahn-Heide","Wahrenholz","Waiblingen","Waibstadt","Waidhaus","Waidhofen","Waidmannslust","Waigolshausen","Wain","Waischenfeld","Walchum","Wald","Wald-Michelbach","Waldalgesheim","Waldaschaff","Waldböckelheim","Waldbreitbach","Waldbröl","Waldbrunn","Waldburg","Waldbüttelbrunn","Waldeck","Waldems","Waldenbuch","Waldenburg","Walderbach","Waldershof","Waldfeucht","Waldfischbach-Burgalben","Waldheim","Waldkappel","Waldkirch","Waldkirchen","Waldkraiburg","Waldmohr","Waldmünchen","Waldrach","Waldsassen","Waldsee","Waldshut-Tiengen","Waldsieversdorf","Waldstetten","Waldthurn","Walheim","Walkenried","Walkertshofen","Walldorf","Walldürn","Wallendorf","Wallenfels","Wallenhorst","Wallerfangen","Wallerfing","Wallersdorf","Wallerstein","Wallertheim","Wallgau","Wallhausen","Wallmenroth","Wallmerod","Walluf","Wallwitz","Walpertskirchen","Walschleben","Walsdorf","Walsrode","Waltenhofen","Waltershausen","Waltrop","Wandersleben","Wanderup","Wandlitz","Wandsbek","Wanfried","Wang","Wangels","Wangen","Wangerooge","Wankendorf","Wanna","Wannsee","Wannweil","Wansleben","Wanzleben","Warburg","Wardenburg","Wardow","Waren","Warendorf","Warin","Warmensteinach","Warmsen","Warnemünde","Warngau","Warnow","Warstein","Wartenberg","Warthausen","Wartmannsroth","Wasbek","Wasbüttel","Wäschenbeuren","Wassenach","Wassenberg","Wasserburg","Wasserburg am Inn","Wasserleben","Wasserliesch","Wasserlosen","Wassertrüdingen","Wasungen","Wathlingen","Wattenbek","Wattenheim","Wattmannshagen","Waxweiler","Wechingen","Wechselburg","Weddelbrook","Weddersleben","Wedding","Weddingstedt","Wedel","Weener","Wees","Weeze","Wefensleben","Weferlingen","Wegberg","Wegeleben","Wegscheid","Wehingen","Wehr","Wehrheim","Wehringen","Weibern","Weibersbrunn","Weichering","Weichs","Weida","Weiden","Weidenbach","Weidenstetten","Weidenthal","Weidhausen bei Coburg","Weiding","Weigendorf","Weihenzell","Weiherhammer","Weihmichl","Weikersheim","Weil","Weil am Rhein","Weil der Stadt","Weil im Schönbuch","Weilbach","Weilburg","Weiler","Weiler-Simmerberg","Weilerbach","Weilersbach","Weilerswist","Weilheim","Weilheim an der Teck","Weilmünster","Weiltingen","Weimar","Weinbach","Weinböhla","Weingarten","Weinheim","Weinsberg","Weinsheim","Weinstadt-Endersbach","Weischlitz","Weisel","Weisen","Weisenbach","Weisendorf","Weiskirchen","Weismain","Weissach","Weißandt-Gölzau","Weißbach","Weißdorf","Weißenberg","Weißenborn","Weißenborn-Lüderode","Weißenbrunn","Weißenburg in Bayern","Weißenfels","Weißenhorn","Weißenohe","Weißensberg","Weißensee","Weißenstadt","Weißenthurm","Weißig","Weißkeißel","Weißwasser","Weisweil","Weitefeld","Weiten","Weitenhagen","Weitersburg","Weiterstadt","Weitnau","Weitramsdorf","Welden","Welle","Wellen","Wellendingen","Wellingsbüttel","Welschbillig","Welsleben","Welver","Welzheim","Welzow","Wemding","Wendeburg","Wendelsheim","Wendelstein","Wenden","Wendisch Evern","Wendisch Rietz","Wendlingen am Neckar","Wendorf","Wendtorf","Weng","Wennigsen","Wentorf bei Hamburg","Wenzenbach","Wenzendorf","Werbach","Werben","Werda","Werdau","Werder","Werdervorstadt","Werdohl","Werftpfuhl","Werl","Werlte","Wermelskirchen","Wermsdorf","Wernau","Wernberg-Köblitz","Werne","Werneck","Wernersberg","Werneuchen","Wernigerode","Wernshausen","Werpeloh","Wertach","Wertheim","Werther","Wertingen","Wesel","Weselberg","Wesenberg","Wesendorf","Wesselburen","Wesseling","Wesseln","Weßling","Wessobrunn","Weste","Westend","Westendorf","Westensee","Wester-Ohrstedt","Westerburg","Westeregeln","Westergellersen","Westerhausen","Westerheim","Westerholt","Westerhorn","Westerkappeln","Westerland","Westerrönfeld","Westerstede","Westerstetten","Westhagen","Westhausen","Westheim","Westhofen","Weststadt","Wetschen","Wetter","Wetter (Ruhr)","Wetterzeube","Wettin","Wettringen","Wetzendorf","Wetzlar","Wewelsfleth","Weyarn","Weyerbusch","Weyhausen","Wickede","Widdern","Wieda","Wiedemar","Wiedensahl","Wiedergeltingen","Wiederstedt","Wiednitz","Wiefelstede","Wiehe","Wiehl","Wiek","Wiemersdorf","Wienhausen","Wieren","Wiernsheim","Wiesa","Wiesau","Wiesbaden","Wiesen","Wiesenau","Wiesenbach","Wiesenburg","Wiesenfelden","Wiesensteig","Wiesent","Wiesenthau","Wiesentheid","Wiesloch","Wiesmoor","Wiesthal","Wietmarschen","Wietze","Wietzen","Wietzendorf","Wiggensbach","Wilburgstetten","Wildberg","Wildemann","Wildenberg","Wildenfels","Wildenhain","Wildeshausen","Wildflecken","Wildpoldsried","Wildsteig","Wilgartswiesen","Wilhelmsdorf","Wilhelmsfeld","Wilhelmshaven","Wilhelmsruh","Wilhelmstadt","Wilhelmsthal","Wilhermsdorf","Wilkau-Haßlau","Willanzheim","Willebadessen","Willich","Willingen","Willingshausen","Willmering","Willstätt","Wilmersdorf","Wilnsdorf","Wilsdruff","Wilstedt","Wilster","Wilsum","Wilthen","Wiltingen","Wimmelburg","Wimsheim","Wincheringen","Windach","Windberg","Windeby","Windelsbach","Winden","Windesheim","Windhagen","Windhausen","Windischeschenbach","Windischleuba","Windsbach","Wingerode","Wingst","Winhöring","Winkelhaid","Winklarn","Winnenden","Winningen","Winnweiler","Winsen","Winterbach","Winterberg","Winterhausen","Winterhude","Winterlingen","Wintersdorf","Winzer","Wipfeld","Wipperdorf","Wipperfürth","Wippra","Wirdum","Wirges","Wirsberg","Wischhafen","Wismar","Wissen","Wistedt","Wittelshofen","Witten","Wittenau","Wittenberg","Wittenberge","Wittenburg","Wittenförden","Wittenhagen","Witterda","Wittgensdorf","Wittichenau","Wittingen","Wittislingen","Wittlich","Wittmar","Wittmund","Wittnau","Wittorf","Wittstock","Witzenhausen","Witzhave","Witzmannsberg","Wohldorf-Ohlstedt","Wohltorf","Wohnbach","Woldegk","Wolfach","Wolfegg","Wolfen","Wolfenbüttel","Wolferode","Wolfersdorf","Wolferstadt","Wolfertschwenden","Wolfhagen","Wolframs-Eschenbach","Wolfratshausen","Wolfsburg","Wolfschlugen","Wolfsegg","Wolfstein","Wolgast","Wolken","Wolkenstein","Wolkramshausen","Wollbach","Wolmirsleben","Wolmirstedt","Wolnzach","Wolpertshausen","Wolpertswende","Wolsdorf","Woltersdorf","Wonfurt","Wonsees","Worbis","Woringen","Worms","Worpswede","Wöhrden","Wölfersheim","Wölfis","Wöllstein","Wölpinghausen","Wörlitz","Wörrstadt","Wört","Wörth","Wörth am Main","Wörth am Rhein","Wörth an der Donau","Wörth an der Isar","Wörthsee","Wössingen","Wremen","Wrestedt","Wriedel","Wriezen","Wrist","Wulfen","Wulfsen","Wulften","Wulkenzin","Wulsbüttel","Wunsiedel","Wunstorf","Wuppertal","Wurmannsquick","Wurmberg","Wurmlingen","Wurmsham","Wurzbach","Wurzen","Wusterhausen","Wusterhusen","Wustermark","Wusterwitz","Wustrow","Wutöschingen","Wülfershausen","Wülfrath","Wülknitz","Wünnenberg","Wünschendorf","Würselen","Würzburg","Wüstenrot","Wyhl","Wyk auf Föhr","Xanten","Zabeltitz","Zaberfeld","Zachenberg","Zahna","Zaisenhausen","Zandt","Zangberg","Zapfendorf","Zappendorf","Zarpen","Zarrendorf","Zarrentin","Zehdenick","Zehlendorf","Zeil","Zeilarn","Zeiskam","Zeithain","Zeitlarn","Zeitlofs","Zeitz","Zell","Zell am Main","Zell im Fichtelgebirge","Zell im Wiesental","Zell unter Aichelberg","Zella-Mehlis","Zellingen","Zeltingen-Rachtig","Zemmer","Zenting","Zerbst","Zerf","Zernien","Zetel","Zeulenroda","Zeuthen","Zeven","Zielitz","Ziemetshausen","Zierenberg","Ziertheim","Ziesar","Ziesendorf","Ziltendorf","Zimmern ob Rottweil","Zingst","Zinna","Zirndorf","Zittau","Zolling","Zorge","Zorneding","Zornheim","Zossen","Zöblitz","Zörbig","Zöschen","Zschadrass","Zschepplin","Zscherben","Zscherndorf","Zschopau","Zschorlau","Zschornewitz","Zschortau","Zulpich","Zurow","Zusamaltheim","Zusmarshausen","Zuzenhausen","Züssow","Zweibrücken","Zweiflingen","Zwenkau","Zwickau","Zwiefalten","Zwiesel","Zwingenberg","Zwochau","Zwota","Zwönitz"]