["Abramów","Adamów","Adamówka","Albigowa","Aleksandrów","Aleksandrów Kujawski","Aleksandrów Łódzki","Alwernia","Andrespol","Andrychów","Annopol","Augustów","Babiak","Babica","Babice","Babimost","Baborów","Baboszewo","Bachowice","Baćkowice","Bąków","Balice","Baligród","Balin","Bałtów","Banie","Banie Mazurskie","Banino","Baniocha","Baranów","Baranów Sandomierski","Baranowo","Barciany","Barcin","Barczewo","Bardo","Barlinek","Bartniczka","Bartoszyce","Baruchowo","Barwałd Górny","Barwałd Średni","Barwice","Batorz","Bażanowice","Bębło","Bęczarka","Będków","Bedlno","Będzin","Bejsce","Bełchatów","Bełk","Bełsznica","Bełżec","Bełżyce","Bemowo","Besko","Bestwina","Bestwinka","Biała","Biała Piska","Biała Podlaska","Biała Rawska","Białaczów","Białe Błota","Białka","Białka Tatrzańska","Białobrzegi","Białogard","Białołeka","Białośliwie","Białowieża","Biały Bór","Biały Dunajec","Białystok","Biecz","Bielany","Bielany Wrocławskie","Bielawa","Bielawy","Bielice","Bieliny","Bielsk","Bielsk Podlaski","Bielsko-Biala","Bielsko-Biała","Bieniewice","Bieńkówka","Bierawa","Bierdzany","Bieruń","Bierutów","Bierzwnik","Bieżuń","Biłgoraj","Binarowa","Bircza","Biskupice Radłowskie","Biskupiec","Biskupin","Biszcza","Bisztynek","Blachownia","Błaszki","Błażowa","Błędów","Bledzew","Blizanów","Blizne","Bliżyn","Błonie","Bobolice","Bobowa","Bobowo","Bobrowice","Bobrowniki","Bobrowo","Bochnia","Boćki","Bodzanów","Bodzentyn","Bogatynia","Bogdaniec","Bogoria","Boguchwała","Boguszów-Gorce","Boguty-Pianki","Bojadła","Bojano","Bojanów","Bojanowo","Bojanowo Stare","Bojszowy","Bojszowy Nowe","Bolechowice","Bolęcin","Bolesław","Bolesławiec","Boleszkowice","Bolimów","Bolków","Bolszewo","Boniewo","Borek","Borek Wielkopolski","Borki","Borkowice","Borne Sulinowo","Boronów","Borowa","Borowie","Borowno","Borucin","Borzechów","Borzęcin","Borzęta","Borzytuchom","Bozkow","Bralin","Branice","Braniewo","Brańsk","Brańszczyk","Brąszewice","Brdów","Brenna","Brenno","Brochów","Brodła","Brodnica","Brody","Brody-Parcele","Brojce","Brójce","Brok","Broniszewice","Bronów","Brudzeń Duży","Brudzew","Brusy","Brwinów","Brzączowice","Brzeg","Brzeg Dolny","Brześć Kujawski","Brzesko","Brzeszcze","Brzezinka","Brzeziny","Brzeziny Śląskie","Brzeźnica","Brzeźnio","Brzostek","Brzóza Królewska","Brzóza Stadnicka","Brzozie","Brzozów","Brzuze","Brzyska","Buczek","Buczkowice","Budziszewice","Budzów","Budzyń","Bujaków","Buk","Bukowiec","Bukowina Tatrzańska","Bukowno","Bukowsko","Bulkowo","Bulowice","Burzenin","Busko-Zdrój","Bychawa","Byczyna","Bydgoszcz","Bystra","Bystrzyca","Bystrzyca Kłodzka","Bytnica","Bytom","Bytom Odrzański","Bytoń","Bytów","Cedry Wielkie","Cedynia","Cegłów","Cekcyn","Celestynów","Ceranów","Cerkwica","Cewice","Chałupki","Chąśno","Chęciny","Chełm","Chełm Śląski","Chełmek","Chełmiec","Chełmno","Chełmża","Chłapowo","Chlewiska","Chmielnik","Chmielno","Chmielowice","Choceń","Chocianów","Chociwel","Chocz","Choczewo","Chocznia","Chodecz","Chodel","Chodów","Chodzież","Chojna","Chojnice","Chojnów","Chorkówka","Choroń","Choroszcz","Chorzele","Chorzów","Choszczno","Chotcza","Chróścice","Chrościna","Chrostkowo","Chruszczobród","Chrzanów","Chrząstowice","Chrzypsko Wielkie","Chwałowice","Chwaszczyno","Chybie","Chynów","Chyżne","Ciasna","Ciechanów","Ciechanowiec","Ciechocin","Ciechocinek","Ciechów","Cięcina","Cielądz","Cielmice","Ciepielów","Cieplice Śląskie Zdrój","Ciepłowody","Cieszanów","Cieszków","Cieszyn","Ciężkowice","Cisek","Cisiec","Cisna","Cisownica","Ćmielów","Cmolas","Cybinka","Cyców","Cynków","Czajków","Czaniec","Czaplinek","Czapury","Czarków","Czarna","Czarna Białostocka","Czarna Dąbrówka","Czarna Góra","Czarna Woda","Czarne","Czarnia","Czarnków","Czarnochowice","Czarnocin","Czarnowąsy","Czarnożyły","Czarny Bór","Czarny Dunajec","Czastary","Czaszyn","Czchów","Czechowice-Dziedzice","Czeladź","Czemierniki","Czempiń","Czeremcha","Czermin","Czernica","Czernice Borowe","Czernichów","Czerniejewo","Czerniewice","Czernikowo","Czersk","Czerwieńsk","Czerwin","Czerwińsk Nad Wisłą","Czerwionka-Leszczyny","Czerwonak","Czerwonka","Częstochowa","Człopa","Człuchów","Czudec","Czułów","Czyżew","Czyżowice","Dąbie","Dąbrowa","Dąbrowa Białostocka","Dąbrowa Chełmińska","Dąbrowa Górnicza","Dąbrowa Tarnowska","Dąbrowa Zielona","Dąbrowice","Dąbrówka","Dąbrówno","Dalachów","Daleszyce","Dalików","Damasławek","Damnica","Darłowo","Daszewice","Daszyna","Dębe Wielkie","Dębica","Dęblin","Dębnica Kaszubska","Dębno","Dębów","Dębowa Kłoda","Dębowa Łąka","Dębowiec","Debrzno","Deszczno","Długie","Długołęka","Długomiłowice","Długosiodło","Dłutów","Dmosin","Dobczyce","Dobiegniew","Dobieszowice","Dobra","Dobre","Dobre Miasto","Dobrodzień","Dobroń","Dobroszyce","Dobrzany","Dobrzeń Wielki","Dobrzyca","Dobrzyń nad Wisłą","Dobrzyniewo Duże","Dołhobyczów","Dolice","Dolsk","Domanice","Domaniewice","Domaradz","Domaszowice","Dominowo","Dopiewo","Dorohusk","Doruchów","Drawno","Drawsko","Drawsko Pomorskie","Drelów","Drezdenko","Drobin","Drogomyśl","Drohiczyn","Drużbice","Drzewica","Drzycim","Dubiecko","Dubienka","Duczki","Dukla","Duszniki","Duszniki-Zdrój","Dwikozy","Dydnia","Dygowo","Dynów","Dywity","Dziadowa Kłoda","Działdowo","Działoszyce","Działoszyn","Dziećmorowice","Dzięgielów","Dziekanów Leśny","Dziemiany","Dziergowice","Dzierzążnia","Dzierzgoń","Dzierzgowo","Dzierżoniów","Dziewin","Dzików Stary","Dzikowiec","Dziwnów","Dźwierzuty","Dzwola","Elbląg","Ełk","Fabianki","Fajsławice","Fałków","Filipów","Filipowice","Firlej","Fordon","Frampol","Fredropol","Frombork","Frydek","Frydman","Frydrychowice","Frysztak","Gąbin","Gać","Gądów Mały","Galewice","Gałków Mały","Garbatka-Letnisko","Garbów","Garcz","Gardawice","Gardeja","Garwolin","Gąsawa","Gąsocin","Gaszowice","Gaworzyce","Gdańsk","Gdów","Gdynia","Gidle","Giebułtów","Giedlarowa","Gielniów","Gierałtowice","Gierłoż","Gierzwałd","Gietrzwałd","Gilowice","Gizałki","Giżycko","Glinojeck","Gliwice","Głogoczów","Głogów","Głogów Małopolski","Głogówek","Główczyce","Głowno","Głubczyce","Głuchołazy","Głuchów","Głuszyca","Głuszyca Górna","Gniazdów","Gniechowice","Gniew","Gniewino","Gniewkowo","Gnieżdżewo","Gniezno","Gnojnik","Gnojno","Goczałkowice Zdrój","Godów","Godzianów","Godziszka","Godziszów","Godziszów Pierwszy","Gogolin","Gołańcz","Golcowa","Golczewo","Gołdap","Goleniów","Goleszów","Golina","Gołkowice","Golub-Dobrzyń","Gołuchów","Gołymin-Ośrodek","Gomunice","Goniadz","Góra","Góra Kalwaria","Góra Świętej Małgorzaty","Goraj","Górażdże","Gorenice","Górki","Górki Wielkie","Gorlice","Gorliczyna","Górno","Górowo Iławeckie","Gorzków","Gorzkowice","Górzno","Gorzów Śląski","Gorzów Wielkopolski","Górzyca","Gorzyce","Gorzyce Wielkie","Gorzyczki","Gościcino","Gościeradów","Gościno","Gostycyn","Gostyń","Gostynin","Goszczanów","Goszczyn","Gowarczów","Goworowo","Gózd","Gozdnica","Gozdowo","Grabica","Grabiszyn","Grabiszynek","Grabów","Grabów nad Prosną","Grabowiec","Grabownica Starzeńska","Grabowo Kościerskie","Grajewo","Granica","Granowo","Grębków","Grębocice","Gręboszów","Grębów","Grodków","Grodziec","Grodzisk Mazowiecki","Grodzisk Wielkopolski","Grodzisko Dolne","Grodzisko Górne","Grojec","Grójec","Gromadka","Gromnik","Gronowo Elbląskie","Gronowo Górne","Grudki","Grudusk","Grudziądz","Gruszów Wielki","Gruta","Grybów","Gryfice","Gryfino","Gryfów Śląski","Grzechynia","Grzegorzew","Grzęska","Grzmiąca","Grzybowa Góra","Grzybowo","Gubin","Guzów","Gwoźnica Górna","Gzy","Haczów","Hajnówka","Halinów","Handzlówka","Hańsk","Harasiuki","Harbutowice","Hażlach","Hel","Henryków","Herby","Hornówek","Horodło","Horyniec-Zdrój","Hrubieszów","Humniska","Husów","Huta Stara B","Hyżne","Iława","Iłów","Iłowa","Iłowo -Osada","Iłża","Imielin","Imielno","Inowłódz","Inowrocław","Ińsko","Inwałd","Istebna","Iwaniska","Iwierzyce","Iwkowa","Iwonicz-Zdrój","Izabelin","Izbica","Izbica Kujawska","Izbicko","Izdebnik","Jabłoń","Jabłonica Polska","Jabłonka","Jabłonna","Jabłonna Lacka","Jabłonowo Pomorskie","Jadów","Jadowniki","Jadowniki Mokre","Jagiełła","Jakubów","Jakubowice Murowane","Janikowo","Janków Przygodzki","Jankowice","Jankowice Rybnickie","Janów Lubelski","Janów Podlaski","Janowice","Janowice Wielkie","Janowiec","Janowiec Wielkopolski","Januszkowice","Jaraczewo","Jarczów","Jarnołtów-Jerzmanowo","Jarocin","Jarosław","Jaroszowice","Jasień","Jasienica","Jasienica Rosielna","Jasieniec","Jasionów","Jaśliska","Jasło","Jastarnia","Jastków","Jastrowie","Jastrząb","Jastrzębia","Jastrzębia Góra","Jastrzębie Zdrój","Jastrzębie-Zdrój","Jawor","Jawornik","Jawornik Polski","Jaworze","Jaworzno","Jaworzyna Śląska","Jaworzynka","Jedlicze","Jedlina-Zdrój","Jedlińsk","Jedlnia-Letnisko","Jednorożec","Jędrzejów","Jedwabne","Jedwabno","Jejkowice","Jelcz","Jelcz Laskowice","Jelenia Góra","Jeleśnia","Jemielnica","Jenin","Jerzmanowice","Jeżewo","Jeziora Wielkie","Jeziorany","Jeziorzany","Jeżów","Jeżów Sudecki","Jeżowe","Jodłowa","Jodłówka","Jodłówka-Wałki","Joniec","Jonkowo","Jordanów","Jordanów Śląski","Józefosław","Józefów","Józefów nad Wisłą","Jugów","Juszczyn","Juszczyna","Jutrosin","Kabaty","Kaczory","Kaczyce","Kadzidło","Kalej","Kalety","Kaliska","Kalisz","Kalisz Pomorski","Kałuszyn","Kalwaria Zebrzydowska","Kamesznica","Kamień","Kamień Krajeński","Kamień Pomorski","Kamienica","Kamienica Polska","Kamieniec","Kamieniec Wrocławski","Kamieniec Ząbkowicki","Kamienna Góra","Kamiennik","Kamieńsk","Kamionka","Kamionka Wielka","Kampinos","Kamyk","Kańczuga","Kaniów","Karczew","Karczmiska","Kargowa","Karlino","Karłowice","Karnice","Karniewo","Karpacz","Karsin","Kartuzy","Kasina Wielka","Kaszów","Katowice","Kąty Wrocławskie","Kawęczyn","Kawęczyn Nowy","Kazanów","Kazimierz Biskupi","Kazimierz Dolny","Kazimierza Wielka","Kaźmierz","Kcynia","Kędzierzyn-Koźle","Kępice","Kępie Żaleszańskie","Kępno","Kęsowo","Kętrzyn","Kęty","Kielanówka","Kielce","Kiełczów","Kiełpin","Kiernozia","Kietrz","Kije","Kikół","Kisielice","Kiszkowo","Kłaj","Kłecko","Klecza Dolna","Kleczew","Klembów","Klenica","Kleszczele","Kleszczewo","Kleszczów","Klikuszowa","Klimontów","Kłobuck","Kłoczew","Kłodawa","Kłodzko","Kłomnice","Klonowa","Kluczbork","Klucze","Kluki","Kluszkowce","Klwów","Knurów","Knyszyn","Kobiernice","Kobierzyce","Kobiór","Kobyla Góra","Kobylanka","Kobylin","Kobyłka","Kobylnica","Kochanowice","Kocierzew Południowy","Kock","Koczała","Kodeń","Kokotów","Kołaczkowo","Kołaczyce","Kołbaskowo","Kołbiel","Kolbudy","Kolbuszowa","Kołczygłowy","Koleczkowo","Kolno","Koło","Kołobrzeg","Kolonowskie","Kolsko","Koluszki","Komańcza","Komarów-Osada","Komarówka Podlaska","Komorniki","Komorów","Komprachcice","Konary","Kończyce","Kończyce Małe","Kończyce Wielkie","Koniaków","Koniecpol","Konieczkowa","Konin","Konopiska","Konotop","Końskie","Końskowola","Konstancin-Jeziorna","Konstantynów","Konstantynów Łódzki","Koprzywnica","Korbielów","Korczew","Korczyna","Korfantów","Kórnik","Kornowac","Koronowo","Korsze","Kortowo","Korytnica","Korzenna","Kosakowo","Kościan","Kościelec","Kościelisko","Kościerzyna","Kosina","Kosów Lacki","Kostomłoty Drugie","Kostomłoty Pierwsze","Kostrzyn","Kostrzyn nad Odrą","Koszalin","Koszarawa","Koszęcin","Koszyce","Koszyce Wielkie","Kotla","Kotlin","Kotuń","Kowal","Kowala","Kowale","Kowale Oleckie","Kowale-Popiele","Kowalewo Pomorskie","Kowary","Kowiesy","Kozanów","Koziegłowy","Kozienice","Koźle","Kozłów","Kozłowo","Koźmin Wielkopolski","Koźminek","Kozubszczyzna","Kożuchów","Kozy","Kraczkowa","Krajenka","Kraków","Kramarzówka","Kramsk","Krapkowice","Krasiczyn","Krasne","Kraśniczyn","Kraśnik","Krasnobród","Krasnopol","Krasnosielc","Krasnystaw","Krasocin","Kraszewice","Krempna","Krobia","Kroczyce","Krokowa","Krościenko nad Dunajcem","Krościenko Wyżne","Krośnica","Krośnice","Krośniewice","Krosno","Krosno Odrzańskie","Krotoszyn","Kruklanki","Krupski Młyn","Kruszwica","Krynica Morska","Krynica-Zdrój","Krynice","Krynki","Kryry","Kryspinów","Krzanowice","Krzczonów","Krzęcin","Krzeczów","Krzeczowice","Krzemienica","Krzemieniewo","Krzepice","Krzeszów","Krzeszowice","Krzeszyce","Krzyki","Krzykosy","Krzynowłoga Mała","Krzyszkowice","Krzywaczka","Krzywcza","Krzywda","Krzywiń","Krzyż Wielkopolski","Krzyżanów","Krzyżanowice","Krzyżowa","Krzyżowice","Ksawerów","Książ Wielkopolski","Książenice","Księże Małe-Księże Wielkie","Księżomierz","Księżpol","Kuczbork-Osada","Kudowa-Zdrój","Kuków","Kunice","Kunice Żarskie","Kunów","Kup","Kurów","Kuryłówka","Kurzętnik","Kuślin","Kutno","Kuźnia Raciborska","Kuźnica","Kwaczała","Kwidzyn","Kwilcz","Łabiszyn","Łabowa","Łabunie","Lachowice","Łąck","Łącko","Łączany","Łączna","Lądek","Lądek-Zdrój","Łagiewniki","Łagów","Łajski","Łąka Prudnicka","Laliki","Łambinowice","Lanckorona","Łańcut","Łanięta","Łapanów","Łapczyca","Łapsze Niżne","Łapy","Lasek","Łasin","Łask","Łaskarzew","Laskowa","Łaszczów","Laszki","Latowicz","Łaziska","Łaziska Górne","Łazy","Łeba","Lębork","Lecka","Łęczna","Łęczyca","Łęczyce","Lędziny","Legionowo","Legnica","Legnickie Pole","Łęgowo","Łęka Opatowska","Łękawica","Łęki","Łęki Dolne","Łęki Górne","Łęki Szlacheckie","Łęknica","Lelkowo","Lelów","Leńcze","Lesko","Leśna","Leśna Podlaska","Leśnica","Leśnica-Ratyń-Pustki","Leszno","Lesznowola","Łętownia","Lewin Brzeski","Lewin Kłodzki","Leżajsk","Lgota Wielka","Libertów","Libiąż","Licheń Stary","Lidzbark","Lidzbark Warmiński","Ligota","Limanowa","Linia","Liniewo","Lipce Reymontowskie","Lipiany","Lipie","Lipinki","Lipinki Łużyckie","Lipka","Lipnica","Lipnica Mała","Lipnica Wielka","Lipnik","Lipno","Lipowa","Lipowiec Kościelny","Lipsk","Lipsko","Lipusz","Lisewo","Lisewo Malborskie","Lisia Góra","Lisków","Liszki","Lniano","Łobez","Łobodno","Łobżenica","Łochów","Łodygowice","Łódź","Łomazy","Łomianki","Łomża","Łoniów","Łopiennik Górny","Łopuszka Wielka","Łopuszna","Łopuszno","Łosice","Łosiów","Łososina Dolna","Łowicz","Lubaczów","Lubań","Lubanie","Lubartów","Lubasz","Lubawa","Lubawka","Lubenia","Łubianka","Lubichowo","Lubicz Dolny","Lubicz Górny","Lubień","Lubień Kujawski","Lubiewo","Lubin","Lubiszyn","Lublewo Gdańskie","Lublin","Lubliniec","Łubniany","Łubnice","Lubniewice","Lubochnia","Lubomia","Lubomierz","Lubomino","Luboń","Lubowidz","Łubowo","Lubraniec","Lubrza","Lubsko","Lubsza","Lubycza Królewska","Ludwikowice Kłodzkie","Ludwin","Ludźmierz","Łuków","Łukowa","Łukowica","Luszowice","Lutocin","Lutomiersk","Lutoryż","Lutowiska","Lututów","Luzino","Łużna","Lwówek","Lwówek Śląski","Łyse","Lyski","Łysomice","Łyszkowice","Maciejowice","Majdan Królewski","Maków","Maków Mazowiecki","Maków Podhalański","Mała Wieś","Malanów","Malbork","Malczyce","Małdyty","Malec","Małkinia Górna","Małogoszcz","Małomice","Mały Płock","Manasterz","Maniowy","Marciszów","Margonin","Marianowo","Marki","Markłowice","Markowa","Markuszów","Marszowice","Maślice Małe","Maślice Wielkie","Masłów","Maszewo","Maszewo Duże","Maszkienice","Mazańcowice","Mędrzechów","Medyka","Mełgiew","Mętków","Miączyn","Miasteczko Krajeńskie","Miasteczko Śląskie","Miastko","Miastków Kościelny","Michałów","Michałów-Reginów","Michałowice","Michałowo","Michów","Miechów","Miechów Charsznica","Miedziana Góra","Miedzichowo","Miedzna","Miedźna","Miedzno","Międzybórz","Międzybrodzie Bialskie","Międzychód","Międzylesie","Międzyrzec Podlaski","Międzyrzecz","Międzyzdroje","Miejsce Piastowe","Miejska Górka","Miękinia","Mielec","Mieleszyn","Mielno","Mieroszów","Mierzęcice","Mieścisko","Mieszkowice","Miętne","Mikołajki","Mikołajki Pomorskie","Mikołów","Mikstat","Miłakowo","Milanów","Milanówek","Milejczyce","Milejów","Milicz","Miłkowice","Miłomłyn","Miłoradz","Miłosław","Milówka","Mińsk Mazowiecki","Mircze","Mirków","Mirocin","Mirosławiec","Mirsk","Mirzec","Mława","Młodzieszyn","Młynary","Młynarze","Mnich","Mników","Mniów","Mniszków","Mochowo","Modliborzyce","Modlnica","Modlniczka","Mogielnica","Mogilany","Mogilno","Mokobody","Mokotów","Mokrsko","Mońki","Morąg","Morawica","Mordy","Moryń","Mosina","Mosty","Moszczanka","Moszczenica","Mrągowo","Mrocza","Mrozów","Mrozy","Mrzezino","Mrzeżyno","Mstów","Mszana","Mszana Dolna","Mszana Górna","Mszczonów","Murcki","Murów","Murowana Goślina","Muszyna","Mykanów","Mysiadło","Myślachowice","Mysłakowice","Myślenice","Myślibórz","Mysłowice","Myszków","Myszyniec","Nadarzyn","Nagłowice","Nakło","Nakło nad Notecią","Nałęczów","Namysłów","Naprawa","Narew","Narol","Naruszewo","Nasielsk","Nawojowa","Nędza","Nekla","Nidek","Nidzica","Niebieszczany","Niebocko","Nieborów","Niebylec","Niechanowo","Niechobrz","Niedobczyce","Niedomice","Niedrzwica Duża","Niedzica","Niedźwiada","Niedźwiedź","Niegowonice","Nielisz","Niemce","Niemcza","Niemodlin","Nienadowa","Niepołomice","Nieporęt","Nieszawa","Nisko","Niwiska","Nowa Dęba","Nowa Góra","Nowa Ruda","Nowa Sarzyna","Nowa Słupia","Nowa Sól","Nowa Wieś","Nowa Wieś Lęborska","Nowa Wieś Wielka","Nowe","Nowe Brzesko","Nowe Grocholice","Nowe Lipiny","Nowe Miasteczko","Nowe Miasto","Nowe Miasto Lubawskie","Nowe Miasto nad Pilicą","Nowe Miasto nad Wartą","Nowe Ostrowy","Nowe Sioło","Nowe Skalmierzyce","Nowe Warpno","Nowodwór","Nowogard","Nowogród","Nowogród Bobrzański","Nowogródek Pomorski","Nowogrodziec","Nowosielce","Nowosielce-Gniewosz","Nowy Duninów","Nowy Dwór Gdański","Nowy Dwór Mazowiecki","Nowy Korczyn","Nowy Sącz","Nowy Staw","Nowy Targ","Nowy Tomyśl","Nowy Wiśnicz","Nowy Żmigród","Nozdrzec","Nur","Nurzec-Stacja","Nysa","Oborniki","Oborniki Śląskie","Obrazów","Obrowo","Obryte","Obrzycko","Obsza","Ochaby","Ochla","Ochojno","Ochota","Ochotnica Dolna","Odolanów","Odrzykoń","Odrzywół","Ogrodzieniec","Ojrzeń","Okocim","Okonek","Oksa","Oława","Olecko","Oleśnica","Olesno","Oleszyce","Olkusz","Ołpiny","Olszana","Olszanica","Olszanka","Olszówka","Olsztyn","Olsztynek","Olszyna","Olza","Opalenica","Opatów","Opatówek","Opatowiec","Opinogóra Górna","Opoczno","Opole","Opole Lubelskie","Oporów","Orchowo","Orla","Orle","Orły","Orneta","Ornontowice","Orońsko","Orzech","Orzechówka","Orzesze","Orzysz","Osie","Osięciny","Osieck","Osieczany","Osieczna","Osiedle Henrykowskie","Osiedle Kosmonautów","Osiedle-Nowiny","Osiek","Osiek Jasielski","Osiek Mały","Osiek nad Notecią","Osielec","Osielsko","Osina","Osjaków","Ośno Lubuskie","Ostaszewo","Ostrężnica","Ostróda","Ostrołęka","Ostroróg","Ostroszowice","Ostrów","Ostrów Lubelski","Ostrów Mazowiecka","Ostrów Wielkopolski","Ostrówek","Ostrowiec Świętokrzyski","Ostrowite","Ostrowsko","Ostrowy","Ostrowy nad Okszą","Ostrzeszów","Oświęcim","Otmuchów","Otrębusy","Otwock","Otyń","Owczarnia","Ożarów","Ożarów Mazowiecki","Ożarowice","Ozimek","Ozorków","Pabianice","Pacanów","Pacyna","Paczków","Padew Narodowa","Pajęczno","Pakość","Pakosław","Pakosławice","Palcza","Pamiątkowo","Paniówki","Panki","Pantalowice","Paprotnia","Paradyż","Parchowo","Parczew","Partynice","Parysów","Parzęczew","Pasłęk","Pasym","Paszowice","Pątnów","Pawlikowice","Pawłosiów","Pawłów","Pawłowice","Pawłowice-Kłokoczyce","Pawłowiczki","Pawonków","Pcim","Pecna","Pęczniew","Pełczyce","Pelplin","Pępowo","Perzów","Pewel Ślemieńska","Pewel Wielka","Piaseczno","Piasek","Piaski","Piastów","Piątek","Piątnica","Piechowice","Piecki","Piekary","Piekary Śląskie","Piekielnik","Piekoszów","Pielgrzymowice","Pieniężno","Pieńsk","Pierściec","Pierzchnica","Pieszyce","Pietrowice Wielkie","Pietrzykowice","Piła","Pilawa","Piława Górna","Pilchowice","Pilczyce","Pilica","Pilzno","Pińczów","Pionki","Piotrków Kujawski","Piotrków Trybunalski","Pisarzowice","Piskorowice","Pisz","Piszczac","Piwniczna-Zdrój","Pławno","Płaza","Pleśna","Pleszew","Plewiska","Płock","Płoniawy-Bramura","Płońsk","Płoty","Płużnica","Pniewy","Pobiedziska","Pobierowo","Poddębice","Podebłocie","Podedwórze","Podegrodzie","Podgórzyn","Podkowa Leśna","Podłęże","Podwilk","Pogórska Wola","Pogórze","Pogorzela","Pogorzyce","Pogrzebień","Pogwizdów","Pokój","Pokrówka","Pokrzywnica","Połajewo","Polańczyk","Polanica-Zdrój","Połaniec","Polanka Wielka","Polanów","Połczyn-Zdrój","Police","Policzna","Polkowice","Połomia","Polska Cerekiew","Pomiechówek","Poniatowa","Poniec","Ponikiew","Popielów","Porąbka","Porąbka Uszewska","Poraj","Poraż","Poręba","Poręba Spytkowska","Poręba Wielka","Poronin","Poświętne","Potęgowo","Potok Górny","Potok Wielki","Potok Złoty","Potworów","Powiat aleksandrowski","Powiat augustowski","Powiat bartoszycki","Powiat będziński","Powiat bełchatowski","Powiat białobrzeski","Powiat białogardzki","Powiat białostocki","Powiat bialski","Powiat bielski","Powiat bieruńsko-lędziński","Powiat bieszczadzki","Powiat biłgorajski","Powiat bocheński","Powiat bolesławiecki","Powiat braniewski","Powiat brodnicki","Powiat brzeski","Powiat brzeziński","Powiat brzozowski","Powiat buski","Powiat bydgoski","Powiat bytowski","Powiat chełmiński","Powiat chełmski","Powiat chodzieski","Powiat chojnicki","Powiat choszczeński","Powiat chrzanowski","Powiat ciechanowski","Powiat cieszyński","Powiat czarnkowsko-trzcianecki","Powiat częstochowski","Powiat człuchowski","Powiat dąbrowski","Powiat dębicki","Powiat drawski","Powiat działdowski","Powiat dzierżoniowski","Powiat elbląski","Powiat ełcki","Powiat garwoliński","Powiat gdański","Powiat giżycki","Powiat gliwicki","Powiat głogowski","Powiat głubczycki","Powiat gnieźnieński","Powiat gołdapski","Powiat goleniowski","Powiat golubsko-dobrzyński","Powiat gorlicki","Powiat górowski","Powiat gorzowski","Powiat gostyniński","Powiat gostyński","Powiat grajewski","Powiat grodziski","Powiat grójecki","Powiat grudziądzki","Powiat gryficki","Powiat gryfiński","Powiat hajnowski","Powiat hrubieszowski","Powiat iławski","Powiat inowrocławski","Powiat janowski","Powiat jarociński","Powiat jarosławski","Powiat jasielski","Powiat jaworski","Powiat jędrzejowski","Powiat jeleniogórski","Powiat kaliski","Powiat kamiennogórski","Powiat kamieński","Powiat kartuski","Powiat kazimierski","Powiat kędzierzyńsko-kozielski","Powiat kępiński","Powiat kętrzyński","Powiat kielecki","Powiat kłobucki","Powiat kłodzki","Powiat kluczborski","Powiat kolbuszowski","Powiat kolneński","Powiat kołobrzeski","Powiat kolski","Powiat konecki","Powiat koniński","Powiat kościański","Powiat kościerski","Powiat koszaliński","Powiat kozienicki","Powiat krakowski","Powiat krapkowicki","Powiat kraśnicki","Powiat krasnostawski","Powiat krośnieński","Powiat krotoszyński","Powiat kutnowski","Powiat kwidzyński","Powiat łańcucki","Powiat łaski","Powiat lęborski","Powiat łęczycki","Powiat łęczyński","Powiat legionowski","Powiat legnicki","Powiat leski","Powiat leszczyński","Powiat leżajski","Powiat lidzbarski","Powiat limanowski","Powiat lipnowski","Powiat lipski","Powiat łobeski","Powiat łódzki wschodni","Powiat łomżyński","Powiat łosicki","powiat Łowicki","Powiat lubaczowski","Powiat lubański","Powiat lubartowski","Powiat lubelski","Powiat lubiński","Powiat lubliniecki","Powiat łukowski","Powiat lwówecki","Powiat makowski","Powiat malborski","Powiat miechowski","Powiat międzychodzki","Powiat międzyrzecki","Powiat mielecki","Powiat mikołowski","Powiat milicki","Powiat miński","Powiat mławski","Powiat mogileński","Powiat moniecki","Powiat mrągowski","Powiat myślenicki","Powiat myśliborski","Powiat myszkowski","Powiat nakielski","Powiat namysłowski","Powiat nidzicki","Powiat niżański","Powiat nowodworski","Powiat nowomiejski","Powiat nowosądecki","Powiat nowosolski","Powiat nowotarski","Powiat nowotomyski","Powiat nyski","Powiat obornicki","Powiat oławski","Powiat olecki","Powiat oleski","Powiat oleśnicki","Powiat olkuski","Powiat olsztyński","Powiat opatowski","Powiat opoczyński","Powiat opolski","Powiat ostródzki","Powiat ostrołęcki","Powiat ostrowiecki","Powiat ostrowski","Powiat ostrzeszowski","Powiat oświęcimski","Powiat otwocki","Powiat pabianicki","Powiat pajęczański","Powiat parczewski","Powiat piaseczyński","Powiat pilski","Powiat pińczowski","Powiat piotrkowski","Powiat piski","Powiat pleszewski","Powiat płocki","Powiat płoński","Powiat poddębicki","Powiat policki","Powiat polkowicki","Powiat poznański","Powiat proszowicki","Powiat prudnicki","Powiat pruszkowski","Powiat przasnyski","Powiat przemyski","Powiat przeworski","Powiat przysuski","Powiat pszczyński","Powiat pucki","Powiat puławski","Powiat pułtuski","Powiat pyrzycki","Powiat raciborski","Powiat radomski","Powiat radomszczański","Powiat radziejowski","Powiat radzyński","Powiat rawicki","Powiat rawski","Powiat ropczycko-sędziszowski","Powiat rybnicki","Powiat rycki","Powiat rypiński","Powiat rzeszowski","Powiat sandomierski","Powiat sanocki","Powiat sejneński","Powiat sępoleński","Powiat siedlecki","Powiat siemiatycki","Powiat sieradzki","Powiat sierpecki","Powiat skarżyski","Powiat skierniewicki","Powiat sławieński","Powiat słubicki","Powiat słupecki","Powiat słupski","Powiat sochaczewski","Powiat sokołowski","Powiat sokólski","Powiat średzki","Powiat śremski","Powiat stalowowolski","Powiat starachowicki","Powiat stargardzki","Powiat starogardzki","Powiat staszowski","Powiat strzelecki","Powiat strzelecko-drezdenecki","Powiat strzeliński","Powiat strzyżowski","Powiat sulęciński","Powiat suski","Powiat suwalski","Powiat świdnicki","Powiat świdwiński","Powiat świebodziński","Powiat świecki","Powiat szamotulski","Powiat szczecinecki","Powiat szczycieński","Powiat sztumski","Powiat szydłowiecki","Powiat tarnobrzeski","Powiat tarnogórski","Powiat tarnowski","Powiat tatrzański","Powiat tczewski","Powiat tomaszowski","Powiat toruński","Powiat trzebnicki","Powiat tucholski","Powiat turecki","Powiat wąbrzeski","Powiat wadowicki","Powiat wągrowiecki","Powiat wałbrzyski","Powiat wałecki","Powiat warszawski zachodni","Powiat węgorzewski","Powiat węgrowski","Powiat wejherowski","Powiat wielicki","Powiat wieluński","Powiat wieruszowski","Powiat włocławski","Powiat włodawski","Powiat włoszczowski","Powiat wodzisławski","Powiat wołomiński","Powiat wołowski","Powiat wolsztyński","Powiat wrocławski","Powiat wrzesiński","Powiat wschowski","Powiat wysokomazowiecki","Powiat wyszkowski","Powiat ząbkowicki","Powiat żagański","Powiat zambrowski","Powiat zamojski","Powiat żarski","Powiat zawierciański","Powiat zduńskowolski","Powiat zgierski","Powiat zgorzelecki","Powiat zielonogórski","Powiat złotoryjski","Powiat złotowski","Powiat żniński","Powiat żuromiński","Powiat zwoleński","Powiat żyrardowski","Powiat żywiecki","Powidz","Powstańców Śląskich Wschód","Powstańców Śląskich Zachód-Centrum Południow","Pozezdrze","Poznań","Prabuty","Pracze Odrzańskie-Janówek","Praga Północ","Praga Południe","Praszka","Prażmów","Prochowice","Promna","Prostki","Prószków","Proszowice","Pruchna","Pruchnik","Prudnik","Prusice","Pruszcz","Pruszcz Gdański","Pruszków","Przasnysz","Przechlewo","Przecieszyn","Przeciszów","Przecław","Przedbórz","Przedecz","Przedmieście Dubieckie","Przędzel","Przeginia","Przelewice","Przemęt","Przemków","Przemyśl","Przesmyki","Przeworno","Przeworsk","Przewóz","Przodkowo","Przybiernów","Przyborów","Przybyszówka","Przygodzice","Przykona","Przyłęk","Przyrów","Przystajń","Przysucha","Przyszowice","Przytkowice","Przytoczna","Przytoczno","Przytyk","Przywidz","Psary","Psie Pole Południe-Kiełczów","Pszczew","Pszczółki","Pszczyna","Pszów","Puchaczów","Puck","Puławy","Pułtusk","Puńców","Puńsk","Purda","Puszcza Mariańska","Puszczykowo","Pyrzyce","Pyskowice","Pysznica","Pyzdry","Raba Wyżna","Rąbino","Rabka-Zdrój","Rachanie","Raciąż","Raciążek","Racibórz","Racławice","Racławice Śląskie","Raczki","Rączna","Radecznica","Radgoszcz","Radków","Radlin","Radłów","Radocza","Radom","Radomin","Radomsko","Radomyśl","Radomyśl Wielki","Radostowice","Radoszyce","Radowo Małe","Radwanice","Radymno","Radzanów","Radzanowo","Radziechowy","Radziejów","Radziejowice","Radziłów","Radzionków","Radziszów","Radzymin","Radzyń Chełmiński","Radzyń Podlaski","Rajcza","Rajgród","Rajsko","Rakoniewice","Raków","Rakszawa","Raniżów","Raszczyce","Raszków","Raszowa","Raszyn","Ratowice","Rawa Mazowiecka","Rawicz","Recz","Ręczno","Reda","Rędziny","Regimin","Regnów","Regulice","Rejon alei Kromera","Rejon placu Grunwaldzkiego","Rejon placu Świętego Macieja","Rejon ulicy Borowskiej-Południe","Rejon ulicy Klęczkowskiej","Rejon ulicy Mieleckiej","Rejon ulicy Saperów","Rejon ulicy Traugutta","Rejowiec","Rejowiec Fabryczny","Rekowo Dolne","Rembertów","Reńska Wieś","Repki","Resko","Reszel","Rewal","Roczyny","Rogalinek","Rogów","Rogowo","Rogoźnik","Rogoźno","Rogóźno","Rokiciny","Rokiciny-Kolonia","Rokietnica","Rokitno","Rokitno Szlacheckie","Ropa","Ropczyce","Rościszewo","Rotmanka","Różan","Różanka-Polanka","Rozbórz","Rozdrażew","Rozogi","Rozprza","Rozwadza","Ruciane-Nida","Ruda Maleniecka","Ruda Śląska","Ruda-Huta","Rudawa","Rudka","Rudna","Rudna Mała","Rudna Wielka","Rudnik","Rudnik nad Sanem","Rudniki","Rudy","Rudziczka","Rudziniec","Rumia","Rusiec","Rusinów","Rusocice","Rutki-Kossaki","Rybarzowice","Rybczewice","Rybie","Rybnik","Rybno","Rycerka Dolna","Rycerka Górna","Rychtal","Rychwał","Ryczów","Ryczywół","Rydułtowy","Rydzyna","Ryglice","Ryjewo","Ryki","Rymań","Rymanów","Ryn","Rypin","Rytro","Rytwiany","Rząska","Rząśnik","Rzeczenica","Rzeczniów","Rzeczyca","Rzekuń","Rzepedź","Rzepiennik Strzyżewski","Rzepin","Rzeszotary","Rzeszów","Rzewnie","Rzezawa","Rzgów","Rzgów Pierwszy","Rzozów","Rzyki","Sabnie","Sączów","Sadki","Sadkowice","Sadlinki","Sadowie","Sadowne","Samborzec","Sandomierz","Sanka","Sanniki","Sanok","Santok","Sarnaki","Sarnów","Sąspów","Sawin","Ścinawa","Secemin","Sędziejowice","Sędziszów","Sędziszów Małopolski","Sejny","Sękowa","Sępolno","Sępólno Krajeńskie","Sępopol","Serniki","Serock","Serokomla","Sianów","Sicienko","Sidzina","Siechnice","Siedlce","Siedlec","Siedleczka","Siedliska","Siedlisko","Siekierczyn","Siemianowice Śląskie","Siemiątkowo","Siemiatycze","Siemiechów","Siemień","Siemkowice","Sieniawa","Sieniawa Żarska","Siennica","Siennica Różana","Sienno","Siepraw","Sieradz","Sieradza","Sieraków","Sieraków Śląski","Sierakowice","Sieroszewice","Sierpc","Sietesz","Siewierz","Sitno","Skała","Skalbmierz","Skalmierzyce","Skąpe","Skarbimierz Osiedle","Skarszewy","Skaryszew","Skarżysko Kościelne","Skarżysko-Kamienna","Skawica","Skawina","Skawinki","Skępe","Skierbieszów","Skierniewice","Skoczów","Skoki","Skołyszyn","Skomielna Czarna","Skomlin","Skórcz","Skorogoszcz","Skoroszyce","Skórzec","Skrwilno","Skrzydlna","Skrzyszów","Skulsk","Skwierzyna","Sława","Sławatycze","Sławięcice","Sławków","Sławno","Sławoborze","Ślemień","Ślesin","Śliwice","Słomniki","Słońsk","Słopnice","Słotowa","Słubice","Słupca","Słupia","Słupia pod Kępnem","Słupiec","Słupno","Słupsk","Smęgorzów","Smętowo Graniczne","Śmigiel","Śmiłowo","Smołdzino","Smolec","Smyków","Śniadowo","Sobienie Jeziory","Sobków","Sobolew","Sobótka","Sochaczew","Sochocin","Sokółka","Sokolniki","Sokołów Małopolski","Sokołów Podlaski","Sokoły","Sól","Solec Kujawski","Solec Nad Wisłą","Solec-Zdrój","Sołtysowice","Somonino","Sompolno","Sonina","Sońsk","Sopot","Sopotnia Wielka","Sośnica","Sośnicowice","Sośnie","Sośno","Sosnowica","Sosnowice","Sosnowiec","Sosnówka","Spiczyn","Spytkowice","Śrem","Środa Śląska","Środa Wielkopolska","Śródmieście","Srokowo","Stabłowice","Stalowa Wola","Stanisław Dolny","Stanisław Górny","Stanisławice","Stanisławów","Stanisławów Pierwszy","Stanowice","Stąporków","Stara Błotnica","Stara Dąbrowa","Stara Kamienica","Stara Kiszewa","Stara Kornica","Stara Wieś","Starachowice","Starcza","Stare Babice","Stare Bogaczowice","Stare Czarnowo","Stare Juchy","Stare Kurowo","Stare Miasto","Stare Pole","Stargard","Starogard Gdański","Starokrzepice","Starowa Góra","Staroźreby","Stary Sącz","Stary Targ","Stary Wiśnicz","Stary Zamość","Staszów","Stawiguda","Stawiski","Stawiszyn","Stegna","Stepnica","Sterdyń","Stęszew","Stężyca","Stoczek","Stoczek Łukowski","Stopnica","Stoszowice","Strachocin-Wojnów","Strachocina","Strachówka","Straszydle","Straszyn","Strawczyn","Stromiec","Stronie","Stronie Śląskie","Stróża","Strumień","Stryków","Stryszawa","Stryszów","Strzałkowo","Strzebiń","Strzegom","Strzegowo","Strzelce","Strzelce Krajeńskie","Strzelce Opolskie","Strzelce Wielkie","Strzeleczki","Strzelin","Strzelno","Strzyżów","Strzyżowice","Stubno","Studzienice","Studzionka","Stupsk","Subkowy","Sucha","Sucha Beskidzka","Suchań","Suchedniów","Suchowola","Suchożebry","Suchy Dąb","Suchy Las","Sulbiny Górne","Sulechów","Sulęcin","Sulęczyno","Sulejów","Sulejówek","Sulików","Sułkowice","Sulmierzyce","Sułoszowa","Sułów","Supraśl","Suraż","Susiec","Susz","Suszec","Suwałki","Swarzędz","Świątniki Górne","Świdnica","Świdnik","Świdwin","Świebodzice","Świebodzin","Świecie","Świecie nad Osą","Święciechowa","Świedziebnia","Świekatowo","Świeradów-Zdrój","Świercze","Świerczów","Świerklaniec","Świerklany Dolne","Świerklany Górne","Świerzawa","Świerzno","Święta Katarzyna","Swiętajno","Świętochłowice","Świlcza","Świnice Warckie","Świnna","Świnoujście","Swojczyce","Syców","Sypniewo","Syrynia","Szadek","Szaflary","Szamocin","Szamotuły","Szarów","Szastarka","Szczaniec","Szczawnica","Szczawno-Zdrój","Szczebrzeszyn","Szczecin","Szczecinek","Szczekociny","Szczepanów","Szczerbice","Szczerców","Szczucin","Szczuczyn","Szczurowa","Szczutowo","Szczyrk","Szczytna","Szczytno","Szelków","Szemud","Szepietowo","Szerzyny","Szklarska Poręba","Szlachta","Szlichtyngowa","Szprotawa","Szreńsk","Sztum","Sztutowo","Szubin","Szumowo","Szydłów","Szydłowiec","Szydłowo","Szynwałd","Tarczyn","Targanice","Targówek","Targowisko","Tarłów","Tarnawatka","Tarnobrzeg","Tarnogród","Tarnów","Tarnów Opolski","Tarnowiec","Tarnówka","Tarnowo Podgórne","Tarnowskie Góry","Tczew","Tczów","Telatyn","Tenczynek","Teresin","Terespol","Tereszpol","Tłuchowo","Tłuszcz","Tokarnia","Tolkmicko","Tomaszkowice","Tomaszów Lubelski","Tomaszów Mazowiecki","Tomice","Topólka","Toporzysko","Toruń","Torzym","Toszek","Trąbki","Trąbki Wielkie","Trablice","Trawniki","Trojanów","Troszyn","Truskaw","Truskolasy","Tryńcza","Trzciana","Trzcianka","Trzciel","Trzcinica","Trzcińsko Zdrój","Trzebiatów","Trzebiechów","Trzebiel","Trzebielino","Trzebieszów","Trzebinia","Trzebnica","Trzebownisko","Trzebunia","Trzemeśnia","Trzemeszno","Trzydnik Duży","Tuchola","Tuchomie","Tuchów","Tuczępy","Tuczno","Tuliszków","Tułowice","Tuplice","Turek","Turobin","Turośń Kościelna","Turza Śląska","Turze Pole","Tuszyn","Twardawa","Twardogóra","Tworków","Tworóg","Tychowo","Tychy","Tyczyn","Tykocin","Tylicz","Tymbark","Tyniec Mały","Tyrawa Wołoska","Tyszowce","Uciechów","Udanin","Uherce Mineralne","Ujazd","Ujście","Ujsoły","Ulanów","Ułęż","Ulhówek","Uniejów","Unisław","Ursus","Ursynów","Urszulin","Urzędów","Urzejowice","Uście Gorlickie","Uścimów Stary","Ustka","Ustroń","Ustronie Morskie","Ustrzyki Dolne","Wąbrzeźno","Wąchock","Wadowice","Wadowice Górne","Waganiec","Wągrowiec","Waksmund","Wałbrzych","Walce","Wałcz","Walichnowy","Walim","Wąpielsk","Wapno","Warka","Warlubie","Warnice","Warsaw","Warszawa","Warta","Wartkowice","Wasilków","Waśniów","Wąsosz","Wawer","Wąwolnica","Wawrzeńczyce","Węgierska Górka","Węgliniec","Węglówka","Węgorzewo","Węgorzyno","Węgrów","Węgry","Węgrzce Wielkie","Wejherowo","Werbkowice","Wesoła","Wiązów","Wiązownica","Widawa","Widawa-Lipa Piotrowska-Polanowice","Widuchowa","Więcbork","Wieczfnia Kościelna","Większyce","Wielbark","Wieleń","Wielgie","Wielichowo","Wieliczka","Wieliszew","Wielka Nieszawka","Wielka Wieś","Wielki Kack","Wielkie Oczy","Wielopole Skrzyńskie","Wielowieś","Wieluń","Wieniawa","Wieprz","Wieruszów","Wierzawice","Wierzbica","Wierzbinek","Wierzbna","Wierzbno","Wierzchlas","Wierzchosławice","Wierzchowo","Wierzchucino","Wieszowa","Wietrzychowice","Wijewo","Wilamowice","Wilanów","Wilcza","Wilczogóra","Wilczyce","Wilczyn","Wilga","Wilkołaz","Wilków","Wilkowice","Winnica","Wińsko","Wiskitki","Wisła","Wiślica","Wiśniew","Wiśniewo","Wiśniowa","Wisznice","Witanowice","Witaszyce","Witkowice","Witkowo","Witnica","Witonia","Wizna","Władysławów","Władysławowo","Wleń","Włochy","Włocławek","Włodawa","Włodowice","Włosienica","Włoszakowice","Włoszczowa","Wodynie","Wodzierady","Wodzisław","Wodzisław Śląski","Wohyń","Wojaszówka","Wojciechów","Wojciechowice","Wojcieszków","Wojcieszów","Wojkowice","Wojnicz","Wojsławice","Wojszyce","Wola","Wola Batorska","Wola Dębińska","Wola Filipowska","Wola Jachowa","Wola Krzysztoporska","Wola Radziszowska","Wola Rębkowska","Wola Sernicka","Wola Uhruska","Wola Zabierzowska","Wola Żarczycka","Wolanów","Wolbórz","Wolbrom","Wołczyn","Wolin","Wólka Niedźwiedzka","Wólka Pełkińska","Wólka Podleśna","Wólka Tanewska","Wołomin","Wołów","Wołowice","Wolsztyn","Woźniki","Wożniki","Wręczyca Wielka","Wróblew","Wrocław","Wronki","Wrząsowice","Września","Wschowa","Wydminy","Wymiarki","Wyry","Wyrzysk","Wyśmierzyce","Wysoka","Wysoka Głogowska","Wysoka Strzyżowska","Wysokie","Wysokie Mazowieckie","Wyszki","Wyszków","Wyszogród","Żabia Wola","Żabieniec","Zabierzów","Zabierzów Bocheński","Ząbki","Ząbkowice Śląskie","Zabłocie","Zabłudów","Żabnica","Żabno","Zabór","Zaborze","Zabrze","Zabrzeg","Zacisze","Zadzim","Żagań","Zagnańsk","Zagórnik","Zagórów","Zagórz","Zagórze","Zagórzyce","Zagrodno","Zakliczyn","Zaklików","Zakopane","Zakroczym","Zakrzew","Zakrzewo","Zakrzów","Zakrzówek","Zalas","Zalesie","Zalesie Górne","Zalesie i Stadion","Zaleszany","Zalewo","Załuski","Zamarski","Zambrów","Zamch","Zamość","Zaniemyśl","Zapolice","Żarki","Żarki-Letnisko","Żarnów","Żarów","Zarszyn","Żary","Zarzecze","Zator","Zatory","Zawadzkie","Zawichost","Zawidów","Zawidz","Zawiercie","Zawoja","Zbąszyń","Zbąszynek","Zblewo","Zbójna","Zbójno","Zbrosławice","Zbuczyn","Zbytków","Zduńska Wola","Zduny","Zdziechowice Drugie","Zdzieszowice","Zębowice","Zebrzydowice","Żegocina","Żelazków","Żelechlinek","Żelechów","Żelistrzewo","Zelów","Zembrzyce","Żerków","Żernica","Żerniki Wrocławskie","Zgierz","Zgłobień","Zgorzelec","Zgorzelisko","Ziębice","Zielona Góra","Zielonka","Zielonki","Zławieś Wielka","Złocieniec","Złoczew","Złota","Złotniki","Złotniki Kujawskie","Złotoryja","Złotów","Złoty Stok","Zmiennica","Żmigród","Żnin","Żoliborz","Żółkiewka","Żołynia","Żórawina","Żory","Zubrzyca Dolna","Zubrzyca Górna","Żukowo","Żurawica","Żurawiczki","Żuromin","Żurowa","Zwierzyń","Zwierzyniec","Zwoleń","Żychlin","Żyraków","Żyrardów","Żyrzyn","Żywiec"]