["A dos Cunhados","A dos Francos","Abrantes","Abraveses","Abrigada","Açores","Adão","Adaúfe","Água de Pau","Água de Pena","Água Longa","Aguada de Cima","Agualva","Águas Belas","Águas Santas","Aguçadoura","Águeda","Aguiar da Beira","Ajuda","Alandroal","Albardo","Albergaria-a-Velha","Albufeira","Alcabideche","Alcácer do Sal","Alcains","Alcanede","Alcanena","Alcanhões","Alcântara","Alcantarilha","Alcobaça","Alcochete","Alcoentre","Alcoutim","Aldeia da Ponte","Aldeia da Ribeira","Aldeia de Joanes","Aldeia de Paio Pires","Aldeia de Santo António","Aldeia do Bispo","Aldeia Galega da Merceana","Aldeia Gavinha","Aldeia Nova de São Bento","Aldeia Nova, Miranda do Douro","Aldeia Velha","Aldeia Viçosa","Aldeias","Alenquer","Alfaiates","Alfândega da Fé","Alfarelos","Alfeizerão","Alfena","Alferrarede","Alfornelos","Alfragide","Algés","Algodres","Algoz","Alguber","Algueirão","Algueirão–Mem Martins","Alhadas","Alhandra","Alhos Vedros","Alijó","Aljezur","Aljubarrota","Aljustrel","Almada","Almancil","Almargem","Almargem do Bispo","Almeida","Almeirim","Almendra","Almodôvar","Almofala","Almograve","Alpendurada","Alpiarça","Alter do Chão","Alto do Pina","Altura","Alvaiázere","Alvalade","Alvendre","Alverca da Beira","Alverca do Ribatejo","Alvito","Alvoco da Serra","Alvor","Alvorninha","Amadora","Amarante","Amares","Ameixoeira","Amiães de Baixo","Amor","Amora","Amoreira","Amorim","Anadia","Ançã","Angra do Heroísmo","Angústias","Anjos","Ansião","Anta","Apelação","Apúlia","Apúlia e Fão","Aradas","Arazede","Arco da Calheta","Arcos","Arcos de Valdevez","Arcozelo","Arganil","Argivai","Argoncilhe","Armação de Pêra","Armamar","Arões","Arouca","Arraiolos","Arranhó","Arrentela","Arrifana","Arrifes","Arronches","Arruda dos Vinhos","Arruda Dos Vinhos","Árvore","Assafarge","Atalaia","Atouguia da Baleia","Avanca","Aveiras de Baixo","Aveiras de Cima","Aveiro","Avelãs da Ribeira","Aveleda","Aveloso","Aver-o-Mar","Aves","Avintes","Avis","Azambuja","Azambuja (town)","Azeitão","Azenha","Azenhas do Mar","Azevo","Azinhaga","Azueira","Baguim do Monte","Baião","Balazar","Baltar","Baraçal","Barcarena","Barcelos","Barqueiros","Barrancos","Barreira","Barreiro","Barrosas","Batalha","Beato","Beato António","Beduido","Beiriz de Baixo","Beja","Belas","Belmonte","Belver","Bemfica","Benavente","Bendada","Benedita","Benespera","Benfica","Bensafrim","Beringel","Biscoitos","Bismula","Boaventura","Boavista dos Pinheiros","Bobadela","Boliqueime","Bombarral","Borba","Boticas","Bouça Cova","Bougado","Braga","Bragança Municipality","Branca","Brandoa","Brito","Buarcos","Bucelas","Buraca","Cabanas de Tavira","Cabanas de Torres","Cabanas de Viriato","Cabeceiras de Basto","Cabeça","Cabeça Gorda","Cabouco","Cacem","Cacém","Cachoeiras","Cacilhas","Cadafais","Cadafaz","Cadaval","Cais do Pico","Caldas da Rainha","Caldas das Taipas","Caldas de Vizela","Caldelas","Calendário","Calhandriz","Calheta","Calheta de São Jorge","Camacha","Câmara de Lobos","Camarate","Caminha","Campanário","Campelos","Campo","Campo de Besteiros","Campo Grande","Campo Maior","Campolide","Canas de Senhorim","Candoso","Caneças","Canelas","Canhas","Caniçal","Caniço","Canidelo","Cantanhede","Caparica","Caranguejeira","Carapinheira","Carapito","Carcavelos","Cardosas","Carmões","Carnaxide","Carnicães","Carnide","Carnota","Carragozela","Carrapichana","Carrazeda de Anciães","Carrazeda de Ansiães","Carregado","Carregal do Sal","Cartaxo","Carvalhal","Carvalhosa","Carvoeira","Carvoeiro","Casal de Cambra","Casal de Cinza","Casal Vasco","Casas do Soeiro","Cascais","Castanheira","Castanheira de Pêra","Castanheira do Ribatejo","Casteição","Casteleiro","Castelo (Lisbon)","Castelo Bom","Castelo Branco","Castelo de Paiva","Castelo de Vide","Castelo Melhor","Castelo Rodrigo","Castelões de Cepeda","Castro Daire","Castro Marim","Castro Verde","Cativelos","Cavadoude","Caxias","Cedovim","Cela","Celorico da Beira","Celorico de Basto","Cercal","Cerdeira","Cerejo","Chamusca","Charneca","Charneca de Caparica","Chãs","Chavão","Chaves","Cheleiros","Cinfães","Codesseiro","Cogula","Coimbra","Colares","Comporta","Conceição","Condeixa-a-Nova","Constância","Coração de Jesus","Coriscada","Corroios","Cortegaça","Cortiçada","Cortiçô","Cortiçô da Serra","Coruche","Corujeira","Corvo","Costa de Caparica","Cótimos","Covilhã","Crato","Cristelo","Cruz Quebrada - Dafundo","Cuba","Cucujães","Curral das Freiras","Custoias","Damaia","Dois Portos","Dornelas","Eirado","Eixo","Elvas","Encarnação","Entroncamento","Enxara do Bispo","Ericeira","Ermesinde","Ervas Tenras","Ervedosa","Ervedosa do Douro","Escalhão","Esgueira","Esmoriz","Espargo","Espinho","Esporões","Esposende","Estarreja","Estela","Estói","Estômbar","Estoril","Estreito da Calheta","Estremoz","Évora","Fafe","Faia","Faial","Fajã da Ovelha","Fajã de Baixo","Falagueira","Famalicão","Famões","Fanhões","Fânzeres","Faria","Faro","Fátima","Favaios","Fazendas de Almeirim","Feira","Felgueiras","Fenais da Ajuda","Fenais da Luz","Fernão Joanes","Ferragudo","Ferreira","Ferreira do Alentejo","Ferreira do Zêzere","Ferreiras","Ferreiros","Ferrel","Feteira","Fiães","Figueira da Foz","Figueira de Castelo Rodrigo","Figueira do Guincho","Figueiró","Figueiró da Granja","Figueiró da Serra","Figueiró Dos Vinhos","Figueiros","Fóios","Folgosinho","Folhadosa","Fontanelas","Fonte Bastardo","Fonte Longa","Forninhos","Forno Telheiro","Fornos de Algodres","Forte da Casa","Foz do Arelho","Foz do Douro","Foz do Sousa","Fradelos","Frazão","Freamunde","Freches","Freineda","Freiria","Freixeda do Torrão","Freixedas","Freixo","Freixo de Espada à Cinta","Freixo de Numão","Frielas","Fronteira","Frossos","Funchal","Fundão","Furnas","Fuzeta","Gafanha da Encarnação","Gafanha da Nazaré","Gagos","Galegos","Gandra","Gavião","Gemunde","Girabolhos","Godim","Góis","Golegã","Gonçalo","Gonçalo Bocas","Gondizalves","Gondomar","Gouveia","Graça","Gradil","Gradiz","Grândola","Granja","Grijó","Guarda","Gueral","Guia","Guifões","Guilheiro","Guimarães","Guisande","Gulpilhares","Horta","Idanha-A-Nova","Igreja Nova","Ílhavo","Infias","Jarmelo São Miguel","Jarmelo São Pedro","Joane","João Antão","Jovim","Juncais","Junça","Lagarinhos","Lago","Lagoa","Lagos","Lajeosa","Lajeosa do Mondego","Lajes","Lajes das Flores","Lajes do Pico","Lamas","Lamegal","Lamego","Lameiras","Lapa","Lapa Dos Dinheiros","Laranjeira","Laranjeiro","Lavos","Lavra","Lavradio","Leça da Palmeira","Leça do Bailio","Leiria","Leomil","Linda-a-Velha","Linhares (Celorico da Beira)","Lisbon","Lobão","Longroiva","Lordelo","Loriga","Lorvão","Loulé","Loures","Louriçal","Lourinhã","Lourosa","Lousa","Lousã","Lousada","Lumiar","Luso","Lustosa","Luz","Macedo de Cavaleiros","Maceira","Machico","Macieira de Cambra","Macieira de Rates","Maçainhas","Maçal do Chão","Mação","Maçussa","Madalena","Mafra","Maia","Malcata","Malhada Sorda","Malpartida","Malveira","Mangualde","Mangualde da Serra","Manigoto","Manique do Intendente","Manta Rota","Manteigas","Manteigas (São Pedro)","Marco de Canaveses","Marco de Canavezes","Margaride","Marialva","Marinha Grande","Marinhais","Marinhas","Mariz","Marmeleiro","Marmelete","Marteleira","Mártires","Marvão","Marvila","Massamá","Mata de Lobos","Matacães","Matança","Matosinhos","Maxial","Mealhada","Meca","Mêda","Meinedo","Meios","Melgaço","Melo","Melres","Mem Martins","Mercês","Merelim","Mértola","Mesão Frio","Mesquitela","Mexilhoeira Grande","Milharado","Milheirós","Milheirós de Poiares","Mina","Minas de São Domingos","Minde","Mindelo","Minhocal","Mira","Mira-Sintra","Miragaia","Miranda do Corvo","Miranda do Douro","Mirandela","Miuzela","Mizarela","Mogadouro","Moimenta da Beira","Moimenta da Serra","Moimentinha","Moita","Moita dos Ferreiros","Moledo","Moncarapacho","Monchique","Monção","Mondim de Basto","Monforte","Monsanto","Montalegre","Montalvinho","Montalvo","Montargil","Monte Abraão","Monte Estoril","Monte Gordo","Monte Real","Monte Redondo","Montelavar","Montemor-o-Novo","Montemor-o-Velho","Montijo","Mora","Moreira","Moreira de Conegos","Moreira de Rei","Mortágua","Mós","Moscavide","Moscavide e Portela","Mosteirô","Mosteiros","Moura","Mourão","Murça","Murtosa","Muxagata","Nabais","Nadadouro","Nave","Nave de Haver","Nazaré","Negreiros","Negrelos","Nelas","Nespereira","Neves","Nisa","Nogueira","Nogueira da Regedoura","Nordeste","Nossa Senhora de Fátima","Nossa Senhora do Monte","Numão","Óbidos","Odemira","Odivelas","Odivelas Municipality","Oeiras","Oeiras e São Julião da Barra","Oiã","Oleiros","Olhalvo","Olhão","Olhos de Água","Olivais","Olival","Olival de Basto","Olival do Basto","Oliveira","Oliveira de Azemeis","Oliveira de Frades","Oliveira do Bairro","Oliveira do Douro","Oliveira do Hospital","Oliveira do Mondego","Oliveirinha","Ota","Ourém","Ourique","Outeiro da Cabeça","Outeiro de Gatos","Ovar","Paço de Arcos","Paços da Serra","Paços de Brandão","Paços de Ferreira","Paderne","Paialvo","Painho","Pala","Palhais","Palmela","Pampilhosa da Serra","Pampilhosa do Botão","Panoias de Cima","Parada","Paranhos","Parchal","Pardilhó","Parede","Paredes","Paredes de Coura","Pataias","Pedrógão Grande","Pedroso","Pedrouços","Pega","Pego","Pena","Pena Lobo","Pena Verde","Penacova","Penafiel","Penalva do Castelo","Penamacor","Penedo Gordo","Penedono","Penela","Penha de Águia","Penha de França","Peniche","Pêra","Pêra do Moço","Perafita","Peral","Pereiro","Pereiro de Palhacana","Perelhal","Pêro Moniz","Pero Pinheiro","Perozinho","Peso da Régua","Peva","Piedade","Pinhal Novo","Pinhanços","Pinheiro","Pinheiro Grande","Pinhel","Pínzio","Poceirão","Poço do Canto","Poiares","Pomares","Pombal","Ponta Delgada","Ponta do Sol","Ponta Garça","Ponte","Ponte da Barca","Ponte de Lima","Ponte de Sor","Ponte do Rol","Pontével","Pontinha","Porches","Portalegre","Portel","Portela","Portimão","Porto","Porto Covo","Porto da Carne","Porto da Cruz","Porto de Mós","Porto Judeu","Porto Martins","Porto Moniz","Porto Salvo","Porto Santo","Pousada","Pousafoles do Bispo","Póvoa de Lanhoso","Póvoa de Santa Iria","Póvoa de Santo Adrião","Póvoa de Varzim","Póvoa do Concelho","Povoação","Prado","Prados","Pragal","Praia da Vitória","Praia do Ribatejo","Prazeres","Prior Velho","Proença-a-Nova","Prova","Quadrazais","Quarteira","Queijas","Queiriz","Queluz","Quintã de Pêro Martins","Quinta do Anjo","Quinta Do Conde","Quintas de São Bartolomeu","Rabaçal","Rabo de Peixe","Ramada","Ramalhal","Ramela","Ranhados","Rapa","Rapoula do Côa","Ratoeira","Real","Reboleira","Reboleiro","Rebolosa","Rebordões","Rebordosa","Recarei","Redondo","Refojos de Basto","Reguengo Grande","Reguengos de Monsaraz","Reigada","Relva","Rendo","Rendufe","Resende","Riachos","Riba de Ave","Ribafria","Ribamar","Ribamondego","Ribeira Brava","Ribeira de Pena","Ribeira Dos Carinhos","Ribeira Grande","Ribeira Seca","Ribeirão","Ribeirinha","Rio de Loba","Rio de Mel","Rio de Mouro","Rio Maior","Rio Mau","Rio Meão","Rio Tinto","Rio Torto","Rochoso","Ronfe","Rosairinho","Rosto de Cão","Runa","Ruvina","Sabrosa","Sabugal","Sabugueiro","Sacavém","Sacramento","Safurdão","Sagres","Salgueirais","Salir de Matos","Salreu","Salvada","Salvaterra de Magos","Sameice","Sameiro","Samil","Samora Correia","Samouco","Sande","Sandim","Sandomil","Sanfins","Sangalhos","Santa Bárbara","Santa Bárbara de Nexe","Santa Catarina","Santa Catarina da Serra","Santa Clara","Santa Comba","Santa Comba Dão","Santa Cruz","Santa Cruz da Graciosa","Santa Cruz das Flores","Santa Cruz do Bispo","Santa Engrácia","Santa Eufémia","Santa Eulália","Santa Iria da Azóia","Santa Iria de Azoia","Santa Isabel","Santa Justa","Santa Luzia","Santa Margarida da Coutada","Santa Maria","Santa Maria da Feira","Santa Maria de Belém","Santa Maria do Castelo e São Miguel","Santa Maria dos Olivais","Santa Maria e São Miguel","Santa Marinha","Santa Marta de Penaguião","Santana","Santana da Azinha","Santarém","Santiago","Santiago do Cacém","Santiago dos Velhos","Santo André","Santo Antão do Tojal","Santo António da Charneca","Santo António dos Cavaleiros","Santo António dos Olivais","Santo Condestável","Santo Estêvão","Santo Estêvão das Galés","Santo Isidoro","Santo Izidoro","Santo Quintino","Santo Tirso","Santos-o-Velho","São Bartolomeu","São Bartolomeu de Messines","São Bartolomeu dos Galegos","São Brás","São Brás de Alportel","São Cristóvão e São Lourenço","São Domingos de Benfica","São Domingos de Rana","São Félix da Marinha","São Francisco Xavier","São João","São João da Madeira","São João da Pesqueira","São João da Talha","São João das Lampas","São João de Areias","São João de Brito","São João de Deus","São João de Ver","São João dos Montes","São João Dos Montes","São Jorge","São Jorge de Arroios","São José","São Julião","São Julião do Tojal","São Luis","São Mamede","São Mamede de Infesta","São Marcos","São Marcos da Serra","São Martinho","São Martinho do Porto","São Mateus","São Miguel","São Miguel da Guarda","São Miguel de Alcainça","São Miguel de Rio Torto","São Miguel do Couto","São Nicolau","São Paio","São Paulo","São Pedro","São Pedro da Cadeira","São Pedro da Cova","São Pedro de Alva","São Pedro de Penaferrim","São Pedro de Rio Seco","São Pedro do Sul","São Romão","São Romão do Coronado","São Roque","São Roque do Pico","São Sebastião","São Sebastião da Pedreira","São Teotónio","São Vicente","São Vicente de Fora","São Vicente do Paul","Sapataria","Sardoal","Sarilhos Pequenos","Sátão","Sazes da Beira","Sé","Sebadelhe","Sebadelhe da Serra","Seia","Seixal","Seixas","Seixo do Côa","Selho","Semelhe","Sendim","Senhora da Hora","Senhora da Luz","Senhora do Rosário","Sequeira","Sequeiros","Sermonde","Sernancelhe","Seroa","Serpa","Serra de El-Rei","Sertã","Serzedelo","Serzedo","Sesimbra","Setúbal","Sever do Vouga","Silvalde","Silveira","Silves","Sines","Sintra","Sintra (town)","Sobrado","Sobral da Abelheira","Sobral da Serra","Sobral de Monte Agraço","Sobral Pichorro","Sobralinho","Sobreda","Sobreira","Socorro","Sortelha","Soure","Souro Pires","Sousel","Souto","Souto da Carpalhosa","Souto de Aguiar da Beira","Souto Maior","Tábua","Tabuaço","Tamanhos","Tarouca","Tavarede","Tavira","Tebosa","Teixeira","Teixoso","Telões","Terras de Bouro","Terrenho","Terrugem","Tocha","Tomar","Tondela","Torre de Moncorvo","Torre do Terrenho","Torres","Torres Novas","Torres Vedras","Torrozelo","Touça","Tourais","Trafaria","Tramagal","Trancoso","Travanca","Travancinha","Treixedo","Triana","Trinta","Trofa","Tunes","Turcifal","Turquel","Unhos","Urgeses","Vagos","Vairão","Valadares","Valado de Frades","Valbom","Valdujo","Vale da Amoreira","Vale da Mula","Vale de Amoreira","Vale de Azares","Vale de Cambra","Vale de Espinho","Vale de Estrela","Vale de Figueira","Vale de Santarém","Vale do Paraíso","Vale do Seixo","Vale Flor","Válega","Valença","Valezim","Valhelhas","Valongo","Valpaços","Valverde","Várzea","Várzea de Meruge","Vascoveiro","Vela","Velas","Velosa","Venda do Pinheiro","Venda Nova","Vendas Novas","Venteira","Ventosa","Vermelha","Vermiosa","Vestiaria","Vialonga","Viana do Alentejo","Viana do Castelo","Vidais","Vide","Vide Entre Vinhas","Videmonte","Vidigueira","Vieira de Leiria","Vieira do Minho","Vila Boa","Vila Boa do Mondego","Vila Chã","Vila Chã de Ourique","Vila Cortês da Serra","Vila Cortês do Mondego","Vila Cova","Vila Cova à Coelheira","Vila de Rei","Vila do Bispo","Vila do Conde","Vila do Porto","Vila do Touro","Vila Fernando","Vila Flor","Vila Franca da Serra","Vila Franca das Naves","Vila Franca de Xira","Vila Franca do Campo","Vila Franca do Deão","Vila Franca do Rosário","Vila Frescainha","Vila Garcia","Vila Meã","Vila Nova da Barquinha","Vila Nova da Rainha","Vila Nova da Telha","Vila Nova De Cacela","Vila Nova de Famalicão","Vila Nova de Foz Côa","Vila Nova de Gaia","Vila Nova de Milfontes","Vila Nova de Paiva","Vila Nova de Poiares","Vila Nova de São Pedro","Vila Nova de Tazem","Vila Pouca de Aguiar","Vila Real","Vila Real de Santo António","Vila Ruiva","Vila Seca","Vila Soeiro do Chão","Vila Velha de Ródão","Vila Verde","Vila Verde dos Francos","Vila Viçosa","Vilaça","Vilamoura","Vilar","Vilar de Amargo","Vilar de Andorinho","Vilar de Figos","Vilar do Paraíso","Vilar Formoso","Vilar Maior","Vilar Torpim","Vilares","Vilarinho","Vilela","Vimeiro","Vimioso","Vinhais","Vinhó","Viseu","Vizela","Vouzela","Zambujeira do Mar"]