{
  "Afghanistan": "afghanistan",
  "Aland Islands": "aland-islands",
  "Albania": "albania",
  "Algeria": "algeria",
  "American Samoa": "american-samoa",
  "Andorra": "andorra",
  "Angola": "angola",
  "Anguilla": "anguilla",
  "Antarctica": "antarctica",
  "Antigua And Barbuda": "antigua-and-barbuda",
  "Argentina": "argentina",
  "Armenia": "armenia",
  "Aruba": "aruba",
  "Australia": "australia",
  "Austria": "austria",
  "Azerbaijan": "azerbaijan",
  "Bahrain": "bahrain",
  "Bangladesh": "bangladesh",
  "Barbados": "barbados",
  "Belarus": "belarus",
  "Belgium": "belgium",
  "Belize": "belize",
  "Benin": "benin",
  "Bermuda": "bermuda",
  "Bhutan": "bhutan",
  "Bolivia": "bolivia",
  "Bonaire, Sint Eustatius and Saba": "bonaire-sint-eustatius-and-saba",
  "Bosnia and Herzegovina": "bosnia-and-herzegovina",
  "Botswana": "botswana",
  "Bouvet Island": "bouvet-island",
  "Brazil": "brazil",
  "British Indian Ocean Territory": "british-indian-ocean-territory",
  "Brunei": "brunei",
  "Bulgaria": "bulgaria",
  "Burkina Faso": "burkina-faso",
  "Burundi": "burundi",
  "Cambodia": "cambodia",
  "Cameroon": "cameroon",
  "Canada": "canada",
  "Cape Verde": "cape-verde",
  "Cayman Islands": "cayman-islands",
  "Central African Republic": "central-african-republic",
  "Chad": "chad",
  "Chile": "chile",
  "China": "china",
  "Christmas Island": "christmas-island",
  "Cocos (Keeling) Islands": "cocos-keeling-islands",
  "Colombia": "colombia",
  "Comoros": "comoros",
  "Congo": "congo",
  "Cook Islands": "cook-islands",
  "Costa Rica": "costa-rica",
  "Cote D'Ivoire (Ivory Coast)": "cote-d-ivoire-ivory-coast",
  "Croatia": "croatia",
  "Cuba": "cuba",
  "Curaçao": "cura-ao",
  "Cyprus": "cyprus",
  "Czech Republic": "czech-republic",
  "Democratic Republic of the Congo": "democratic-republic-of-the-congo",
  "Denmark": "denmark",
  "Djibouti": "djibouti",
  "Dominica": "dominica",
  "Dominican Republic": "dominican-republic",
  "East Timor": "east-timor",
  "Ecuador": "ecuador",
  "Egypt": "egypt",
  "El Salvador": "el-salvador",
  "Equatorial Guinea": "equatorial-guinea",
  "Eritrea": "eritrea",
  "Estonia": "estonia",
  "Ethiopia": "ethiopia",
  "Falkland Islands": "falkland-islands",
  "Faroe Islands": "faroe-islands",
  "Fiji Islands": "fiji-islands",
  "Finland": "finland",
  "France": "france",
  "French Guiana": "french-guiana",
  "French Polynesia": "french-polynesia",
  "French Southern Territories": "french-southern-territories",
  "Gabon": "gabon",
  "Georgia": "georgia",
  "Germany": "germany",
  "Ghana": "ghana",
  "Gibraltar": "gibraltar",
  "Greece": "greece",
  "Greenland": "greenland",
  "Grenada": "grenada",
  "Guadeloupe": "guadeloupe",
  "Guam": "guam",
  "Guatemala": "guatemala",
  "Guernsey and Alderney": "guernsey-and-alderney",
  "Guinea": "guinea",
  "Guinea-Bissau": "guinea-bissau",
  "Guyana": "guyana",
  "Haiti": "haiti",
  "Heard Island and McDonald Islands": "heard-island-and-mcdonald-islands",
  "Honduras": "honduras",
  "Hong Kong S.A.R.": "hong-kong-s-a-r",
  "Hungary": "hungary",
  "Iceland": "iceland",
  "India": "india",
  "Indonesia": "indonesia",
  "Iran": "iran",
  "Iraq": "iraq",
  "Ireland": "ireland",
  "Israel": "israel",
  "Italy": "italy",
  "Jamaica": "jamaica",
  "Japan": "japan",
  "Jersey": "jersey",
  "Jordan": "jordan",
  "Kazakhstan": "kazakhstan",
  "Kenya": "kenya",
  "Kiribati": "kiribati",
  "Kosovo": "kosovo",
  "Kuwait": "kuwait",
  "Kyrgyzstan": "kyrgyzstan",
  "Laos": "laos",
  "Latvia": "latvia",
  "Lebanon": "lebanon",
  "Lesotho": "lesotho",
  "Liberia": "liberia",
  "Libya": "libya",
  "Liechtenstein": "liechtenstein",
  "Lithuania": "lithuania",
  "Luxembourg": "luxembourg",
  "Macau S.A.R.": "macau-s-a-r",
  "Macedonia": "macedonia",
  "Madagascar": "madagascar",
  "Malawi": "malawi",
  "Malaysia": "malaysia",
  "Maldives": "maldives",
  "Mali": "mali",
  "Malta": "malta",
  "Man (Isle of)": "man-isle-of",
  "Marshall Islands": "marshall-islands",
  "Martinique": "martinique",
  "Mauritania": "mauritania",
  "Mauritius": "mauritius",
  "Mayotte": "mayotte",
  "Mexico": "mexico",
  "Micronesia": "micronesia",
  "Moldova": "moldova",
  "Monaco": "monaco",
  "Mongolia": "mongolia",
  "Montenegro": "montenegro",
  "Montserrat": "montserrat",
  "Morocco": "morocco",
  "Mozambique": "mozambique",
  "Myanmar": "myanmar",
  "Namibia": "namibia",
  "Nauru": "nauru",
  "Nepal": "nepal",
  "Netherlands": "netherlands",
  "New Caledonia": "new-caledonia",
  "New Zealand": "new-zealand",
  "Nicaragua": "nicaragua",
  "Niger": "niger",
  "Nigeria": "nigeria",
  "Niue": "niue",
  "Norfolk Island": "norfolk-island",
  "North Korea": "north-korea",
  "Northern Mariana Islands": "northern-mariana-islands",
  "Norway": "norway",
  "Oman": "oman",
  "Pakistan": "pakistan",
  "Palau": "palau",
  "Palestinian Territory Occupied": "palestinian-territory-occupied",
  "Panama": "panama",
  "Papua new Guinea": "papua-new-guinea",
  "Paraguay": "paraguay",
  "Peru": "peru",
  "Philippines": "philippines",
  "Pitcairn Island": "pitcairn-island",
  "Poland": "poland",
  "Portugal": "portugal",
  "Puerto Rico": "puerto-rico",
  "Qatar": "qatar",
  "Reunion": "reunion",
  "Romania": "romania",
  "Russia": "russia",
  "Rwanda": "rwanda",
  "Saint Helena": "saint-helena",
  "Saint Kitts And Nevis": "saint-kitts-and-nevis",
  "Saint Lucia": "saint-lucia",
  "Saint Pierre and Miquelon": "saint-pierre-and-miquelon",
  "Saint Vincent And The Grenadines": "saint-vincent-and-the-grenadines",
  "Saint-Barthelemy": "saint-barthelemy",
  "Saint-Martin (French part)": "saint-martin-french-part",
  "Samoa": "samoa",
  "San Marino": "san-marino",
  "Sao Tome and Principe": "sao-tome-and-principe",
  "Saudi Arabia": "saudi-arabia",
  "Senegal": "senegal",
  "Serbia": "serbia",
  "Seychelles": "seychelles",
  "Sierra Leone": "sierra-leone",
  "Singapore": "singapore",
  "Sint Maarten (Dutch part)": "sint-maarten-dutch-part",
  "Slovakia": "slovakia",
  "Slovenia": "slovenia",
  "Solomon Islands": "solomon-islands",
  "Somalia": "somalia",
  "South Africa": "south-africa",
  "South Georgia": "south-georgia",
  "South Korea": "south-korea",
  "South Sudan": "south-sudan",
  "Spain": "spain",
  "Sri Lanka": "sri-lanka",
  "Sudan": "sudan",
  "Suriname": "suriname",
  "Svalbard And Jan Mayen Islands": "svalbard-and-jan-mayen-islands",
  "Swaziland": "swaziland",
  "Sweden": "sweden",
  "Switzerland": "switzerland",
  "Syria": "syria",
  "Taiwan": "taiwan",
  "Tajikistan": "tajikistan",
  "Tanzania": "tanzania",
  "Thailand": "thailand",
  "The Bahamas": "the-bahamas",
  "The Gambia": "the-gambia",
  "Togo": "togo",
  "Tokelau": "tokelau",
  "Tonga": "tonga",
  "Trinidad And Tobago": "trinidad-and-tobago",
  "Tunisia": "tunisia",
  "Turkey": "turkey",
  "Turkmenistan": "turkmenistan",
  "Turks And Caicos Islands": "turks-and-caicos-islands",
  "Tuvalu": "tuvalu",
  "Uganda": "uganda",
  "Ukraine": "ukraine",
  "United Arab Emirates": "united-arab-emirates",
  "United Kingdom": "united-kingdom",
  "United States": "united-states",
  "United States Minor Outlying Islands": "united-states-minor-outlying-islands",
  "Uruguay": "uruguay",
  "Uzbekistan": "uzbekistan",
  "Vanuatu": "vanuatu",
  "Vatican City State (Holy See)": "vatican-city-state-holy-see",
  "Venezuela": "venezuela",
  "Vietnam": "vietnam",
  "Virgin Islands (British)": "virgin-islands-british",
  "Virgin Islands (US)": "virgin-islands-us",
  "Wallis And Futuna Islands": "wallis-and-futuna-islands",
  "Western Sahara": "western-sahara",
  "Yemen": "yemen",
  "Zambia": "zambia",
  "Zimbabwe": "zimbabwe"
}